"MRN_hidden","ENC_NO_hidden","FIRST_ICU_ADMISSION","FIRST_ICU_DISCHARGE","FIRST_ICU_LOS"
203470,29204845127,2022-05-19 11:54:00,2022-05-22 13:25:00,73
219133,29202551651,2022-03-18 22:12:00,2022-03-19 22:04:00,23
255606,29200807911,2022-01-28 14:40:00,2022-01-31 12:18:00,69
270484,29207707039,2022-07-30 20:13:00,2022-07-31 09:25:00,13
282052,29191878193,2021-05-26 08:45:00,2021-05-26 23:10:00,14
333221,29195513731,2021-09-08 20:22:00,2021-09-13 00:38:00,100
349711,29203421031,2022-04-11 18:11:00,2022-04-25 15:39:00,333
378901,29204494232,2022-05-08 23:20:00,2022-05-10 22:49:00,47
402609,29188888386,2021-03-06 06:39:00,2021-03-07 16:45:00,34
402609,29189148068,2021-03-11 06:16:00,2021-03-11 13:47:00,7
430354,29190048120,2021-04-10 12:30:00,2021-04-15 12:36:00,120
509128,29187382046,2021-01-27 15:15:00,2021-01-30 09:59:00,66
565647,29192567504,2021-06-17 06:53:00,2021-06-18 13:49:00,30
576975,29189492769,2021-03-17 22:01:00,2021-03-17 22:15:00,0
576975,29191407007,2021-05-12 15:20:00,2021-05-14 16:10:00,48
576975,29193475678,2021-07-14 18:21:00,2021-07-17 19:53:00,73
585545,29192569859,2021-06-17 17:57:00,2021-06-23 16:45:00,142
600460,29197045362,2021-10-23 13:06:00,2021-10-24 15:36:00,26
702580,29206312870,2022-06-24 01:31:00,2022-06-26 02:44:00,49
714834,29205539535,NA,NA,NA
716573,29212589142,2022-08-14 21:58:00,2022-08-16 12:35:00,38
750316,29185289586,2020-12-13 16:28:00,2020-12-17 10:59:00,90
766916,29196407423,2021-10-04 12:52:00,2021-10-06 20:04:00,55
771435,29199456174,2021-12-20 12:28:00,2021-12-24 17:04:00,100
801532,29191203399,2021-05-08 22:32:00,2021-05-12 17:36:00,91
807622,29190242727,2021-04-08 13:11:00,2021-04-11 10:35:00,69
819533,29196663202,2021-10-10 16:17:00,2021-10-11 15:31:00,23
921413,29201837847,2022-03-05 17:50:00,2022-03-08 21:59:00,76
928418,29191172501,2021-05-06 18:36:00,2021-05-07 09:40:00,15
948300,29186584365,2021-01-06 13:07:00,2021-01-08 21:02:00,55
955840,29190953281,2021-04-28 02:49:00,2021-04-30 17:46:00,62
971614,29189523844,2021-03-22 10:11:00,2021-04-12 07:26:00,501
976607,29204043898,2022-04-28 14:05:00,2022-04-29 13:43:00,23
978792,29186375485,2021-01-01 11:24:00,2021-01-05 13:29:00,98
978792,29194353991,2021-08-08 22:17:00,2021-08-10 10:36:00,36
1021395,29198468756,2021-12-04 21:28:00,2021-12-07 14:59:00,65
1022031,29189502160,2021-03-19 06:03:00,2021-03-21 15:11:00,57
1022031,29199469764,2021-12-24 22:46:00,2021-12-27 05:48:00,55
1039836,29202647927,2022-03-25 20:10:00,2022-03-26 14:20:00,18
1048860,29188117172,2021-02-16 15:51:00,2021-02-24 20:16:00,196
1058993,29205995494,2022-06-24 19:08:00,2022-07-03 19:12:00,216
1097592,29195004751,2021-08-25 14:23:00,2021-08-26 10:39:00,20
1098773,29201814545,NA,NA,NA
1107064,29198421067,2021-12-04 00:30:00,2021-12-07 11:27:00,82
1214038,29201788169,2022-02-25 22:17:00,2022-02-27 14:41:00,40
1219617,29198836038,2021-12-25 04:02:00,2021-12-26 14:30:00,34
1219954,29188178886,2021-02-14 19:55:00,2021-02-15 21:22:00,25
1245621,29191416798,2021-05-14 16:13:00,2021-05-15 13:50:00,21
1294635,29194947508,2021-08-23 21:52:00,2021-08-25 22:29:00,48
1339958,29192558289,2021-06-24 09:32:00,2021-06-26 10:06:00,48
1341676,29190240389,2021-04-08 00:48:00,2021-04-08 17:09:00,16
1349096,29199775587,2021-12-28 17:59:00,2022-01-01 18:02:00,96
1379913,29195985448,NA,NA,NA
1382041,29191887725,2021-05-27 18:43:00,2021-05-29 14:31:00,43
1402874,29199600733,2021-12-28 19:01:00,2021-12-29 12:18:00,17
1403427,29193036263,2021-07-07 18:03:00,2021-07-10 16:07:00,70
1414464,29192416489,2021-06-13 03:39:00,2021-06-17 15:31:00,107
1499431,29189914000,2021-05-08 18:49:00,2021-05-10 15:03:00,44
1511458,29200552859,2022-01-21 11:26:00,2022-01-27 18:59:00,151
1572295,29198513783,2021-12-09 23:27:00,2021-12-10 15:58:00,16
1592475,29205642597,2022-06-04 20:18:00,2022-06-07 11:57:00,63
1634418,29195743165,2021-09-14 18:28:00,2021-09-15 09:54:00,15
1652651,29189058426,2021-03-08 14:42:00,2021-03-09 12:41:00,21
1709458,29200037021,2022-01-04 22:02:00,2022-01-05 18:43:00,20
1717158,29194580032,2021-08-16 16:35:00,2021-08-17 15:46:00,23
1718545,29198848828,2021-12-21 08:02:00,2021-12-24 10:36:00,74
10177303,29187362089,2021-02-02 20:17:00,2021-02-04 13:01:00,40
10308893,29200951605,2022-02-06 23:23:00,2022-02-11 14:52:00,111
10319930,29196433593,2021-10-07 01:14:00,2021-10-07 23:56:00,22
10342537,29191121487,2021-05-04 05:28:00,2021-05-04 21:00:00,15
10391325,29192604127,2021-06-27 14:46:00,2021-06-30 03:33:00,60
10525612,29205079019,2022-06-12 12:22:00,2022-06-28 10:06:00,381
10623697,29192414576,2021-06-22 19:30:00,2021-06-23 16:00:00,20
10752777,29212064531,2022-08-15 14:55:00,2022-08-17 15:25:00,48
10773853,29200354236,2022-01-17 17:11:00,2022-01-20 14:19:00,69
10808661,29197499474,2021-11-06 15:57:00,2021-11-07 15:06:00,23
10812150,29200083610,2022-01-07 19:54:00,2022-01-14 18:50:00,166
10826021,29187886914,2021-02-14 19:49:00,2021-02-16 17:25:00,45
10843774,29198094490,NA,NA,NA
10941594,29191409969,2021-05-13 03:03:00,2021-05-16 10:50:00,79
10941594,29192487548,2021-06-19 18:36:00,2021-06-21 15:31:00,44
10956027,29186503938,2021-01-16 08:16:00,2021-01-20 18:28:00,106
10970063,29206465275,2022-07-03 20:11:00,2022-07-05 16:27:00,44
10992167,29200792046,2022-01-28 09:41:00,2022-01-31 15:20:00,77
11021618,29203836831,2022-06-11 10:53:00,2022-06-12 15:27:00,28
11106841,29192076328,2021-06-01 22:15:00,2021-06-03 09:19:00,35
11215880,29193762979,2021-07-23 23:16:00,2021-07-24 13:02:00,13
11241596,29186179738,2020-12-26 12:33:00,2021-01-02 12:29:00,167
11278844,29204504773,2022-05-12 21:34:00,2022-05-13 09:49:00,12
11300241,29191097578,2021-05-05 00:29:00,2021-05-08 18:35:00,90
11359577,29198271089,2021-11-28 11:07:00,2021-12-03 16:06:00,124
11373247,29190720417,2021-04-21 23:27:00,2021-04-22 16:44:00,17
11373247,29194038680,2021-08-03 22:01:00,2021-08-10 06:01:00,152
11417800,29191169998,2021-05-06 09:09:00,2021-05-06 20:04:00,10
11425137,29186816591,2021-01-13 17:51:00,2021-01-13 19:24:00,1
11467289,29198516088,2021-12-06 01:49:00,2021-12-10 10:06:00,104
11562875,29201934148,2022-03-01 16:41:00,2022-03-04 23:01:00,78
11600487,29190558386,2021-04-17 14:25:00,2021-04-18 11:16:00,20
11633184,29201519740,2022-02-18 20:37:00,2022-02-19 08:49:00,12
11703380,29196167294,2021-09-27 02:10:00,2021-09-27 10:40:00,8
11714650,29203231983,2022-04-05 21:05:00,2022-04-08 03:26:00,54
20180175,29190432073,2021-04-16 11:04:00,2021-04-17 12:01:00,24
20248876,29192388249,2021-06-20 18:06:00,2021-06-22 11:02:00,40
20387152,29187889278,2021-02-06 00:11:00,2021-02-06 15:46:00,15
20434129,29190413315,2021-04-16 15:26:00,2021-04-18 15:02:00,47
20434129,29201317537,2022-02-11 15:58:00,2022-02-15 15:28:00,95
20470871,29196515075,2021-10-07 04:59:00,2021-10-07 05:34:00,0
20507453,29205957243,2022-06-13 13:09:00,2022-06-14 10:00:00,20
20512973,29195306014,2021-09-04 12:36:00,2021-09-15 12:42:00,264
20531459,29196120560,NA,NA,NA
20543960,29206298261,2022-06-22 02:51:00,2022-06-22 18:58:00,16
20606445,29190390092,2021-04-12 02:47:00,2021-04-13 15:44:00,36
20700926,29213219712,2022-08-21 20:26:00,2022-08-22 11:53:00,15
20704704,29201080275,2022-02-05 12:20:00,2022-02-06 17:17:00,28
20721625,29189492002,2021-03-17 19:03:00,2021-03-18 13:51:00,18
20864950,29192131112,2021-06-06 08:30:00,2021-06-06 11:32:00,3
20864950,29192570454,2021-06-17 20:55:00,2021-06-22 16:05:00,115
20958907,29190083480,2021-04-03 18:26:00,2021-04-04 20:06:00,25
20958907,29192952122,2021-06-28 04:14:00,2021-06-29 15:08:00,34
21002504,29187023794,2021-01-21 12:38:00,2021-01-27 13:03:00,144
21020795,29190010927,2021-04-05 19:41:00,2021-04-05 20:22:00,0
21048047,29196630465,2021-10-23 15:02:00,2021-10-26 11:42:00,68
21078140,29196652168,2021-10-14 22:26:00,2021-10-16 07:56:00,33
21090563,29187504245,2021-01-30 18:23:00,2021-02-01 07:46:00,37
21102098,29187042728,2021-02-16 18:14:00,2021-02-17 11:39:00,17
21198291,29213546382,2022-08-25 09:50:00,2022-08-26 15:09:00,29
21198615,29198364095,2021-12-01 16:28:00,2021-12-07 12:55:00,140
21221797,29204213790,2022-05-03 10:05:00,2022-05-04 12:28:00,26
21247010,29205436145,2022-05-29 09:09:00,2022-05-31 13:53:00,52
21254681,29198464415,2021-12-07 13:55:00,2021-12-08 14:13:00,24
21266443,29187203498,2021-01-25 12:14:00,2021-01-26 09:16:00,21
21333418,29190486494,2021-04-16 01:53:00,2021-04-17 12:43:00,34
21361598,29198580326,2021-12-07 17:02:00,2021-12-09 20:03:00,51
21377005,29197175776,2021-10-31 15:40:00,2021-11-02 19:39:00,51
21378158,29189499944,2021-03-18 21:23:00,2021-03-22 20:04:00,94
21434425,29203057254,2022-04-07 09:23:00,2022-04-14 12:48:00,171
21440421,29196188308,2021-09-28 16:14:00,2021-09-30 13:26:00,45
21488027,29193330344,2021-07-09 22:42:00,2021-07-10 14:29:00,15
21495382,29193661270,2021-07-26 14:02:00,2021-07-31 12:30:00,118
21496158,29195259529,2021-09-02 05:22:00,2021-09-04 10:30:00,53
21526875,29206765292,2022-07-08 06:29:00,2022-07-11 17:22:00,82
21637161,29197557232,2021-11-12 14:57:00,2021-11-14 17:24:00,50
21652118,29207232124,2022-07-22 20:57:00,2022-07-31 17:10:00,212
21652118,29207786437,2022-08-01 16:31:00,2022-08-07 18:22:00,145
21664466,29187840131,2021-02-05 02:34:00,2021-02-05 14:05:00,11
30159969,29202123108,2022-03-05 17:08:00,2022-03-07 14:22:00,45
30169987,29193748349,2021-07-21 22:35:00,2021-07-23 09:14:00,34
30207947,29198212572,2021-11-26 22:40:00,2021-11-28 03:13:00,28
30207947,29201493796,2022-02-15 16:00:00,2022-02-18 08:59:00,64
30263534,29201822251,2022-03-05 19:16:00,2022-03-06 14:00:00,18
30327119,29196775144,2021-10-14 15:26:00,2021-10-15 16:17:00,24
30365710,29202808671,2022-03-26 19:37:00,2022-03-27 20:25:00,24
30395825,29201929663,2022-02-27 22:19:00,2022-03-04 21:48:00,119
30556419,29188183234,2021-02-14 02:02:00,2021-02-14 15:48:00,13
30652203,29205482454,2022-05-30 03:46:00,2022-05-30 15:07:00,11
30738654,29192537196,2021-06-15 17:53:00,2021-06-16 20:10:00,26
30740032,29192130593,2021-06-07 06:34:00,2021-06-07 13:13:00,6
30759339,29186389603,2021-01-22 12:54:00,2021-01-23 11:42:00,22
30768033,29201957886,2022-03-16 11:49:00,2022-03-23 17:29:00,173
30768033,29203527709,NA,NA,NA
30789454,29196750202,2021-10-12 16:39:00,2021-10-13 17:37:00,24
30794958,29185519918,2021-01-05 14:58:00,2021-01-16 15:31:00,264
30959354,29196011887,2021-09-23 01:31:00,2021-09-24 16:53:00,39
30968754,29198169514,2021-11-22 18:47:00,2021-11-24 12:46:00,41
30970017,29203984274,2022-05-03 17:14:00,2022-05-12 19:29:00,218
31012908,29193097230,2021-07-03 04:57:00,2021-07-03 14:23:00,9
31023295,29200443166,2022-01-16 23:21:00,2022-01-17 19:10:00,19
31026720,29213225117,2022-08-23 10:04:00,2022-08-28 09:24:00,119
31050595,29204598073,2022-05-13 17:54:00,2022-05-14 07:56:00,14
31052302,29204703155,2022-06-04 14:52:00,2022-06-09 14:22:00,119
31099124,29192129847,2021-06-04 17:08:00,2021-06-05 16:34:00,23
31170901,29190958273,2021-05-02 20:37:00,2021-05-03 18:35:00,21
31251479,29202010881,2022-03-11 16:27:00,2022-03-29 17:43:00,433
31251479,29206388028,2022-06-26 00:42:00,2022-07-05 13:01:00,228
31326152,29187839076,2021-02-09 21:56:00,2021-02-11 15:55:00,41
31357305,29203538421,2022-04-13 07:38:00,2022-04-28 13:09:00,365
31506324,29213797181,2022-08-27 11:03:00,2022-08-28 14:23:00,27
31510094,29185349232,2021-01-15 08:23:00,2021-01-16 13:52:00,29
31510094,29212078986,2022-08-21 13:59:00,2022-08-23 16:55:00,50
31522268,29194328210,2021-08-08 19:42:00,2021-08-09 11:50:00,16
31536966,29204555485,2022-05-26 05:10:00,2022-06-10 20:55:00,375
31577315,29198735272,2021-12-12 18:26:00,2021-12-21 21:50:00,219
31595274,29194959761,2021-08-24 14:51:00,2021-08-24 16:24:00,1
40227162,29189990347,2021-04-01 10:17:00,2021-04-02 11:34:00,25
40303274,29206883626,2022-07-09 04:03:00,2022-07-10 13:49:00,33
40308679,29193965552,NA,NA,NA
40317383,29193648854,2021-07-18 20:17:00,2021-07-20 15:15:00,42
40324297,29198367364,2021-12-02 04:40:00,2021-12-02 14:12:00,9
40348148,29207076935,2022-07-14 04:02:00,2022-07-15 08:44:00,28
40496474,29191984294,2021-05-30 22:40:00,2021-05-31 15:52:00,17
40560385,29189141714,NA,NA,NA
40606669,29203709442,2022-04-18 12:34:00,2022-04-19 14:20:00,25
40643211,29194402243,2021-08-09 21:40:00,2021-08-11 23:34:00,49
40809111,29186433878,2021-01-05 16:49:00,2021-01-23 21:16:00,436
40839790,29199701827,2022-01-03 13:16:00,2022-01-14 23:01:00,273
40952035,29198369902,2021-12-02 15:46:00,2021-12-03 17:43:00,25
41000114,29193226235,2021-07-06 16:05:00,2021-07-08 18:26:00,50
41082332,29200729332,2022-01-31 19:51:00,2022-02-04 13:15:00,89
41107711,29192755042,2021-06-22 09:07:00,2021-06-27 14:21:00,125
41165679,29202182284,2022-03-18 18:00:00,2022-03-20 15:07:00,45
41178699,29212013677,2022-08-11 21:10:00,2022-08-13 08:16:00,35
41227474,29210424227,2022-08-04 13:42:00,2022-08-12 09:53:00,188
41355679,29193236050,2021-07-06 12:31:00,2021-07-07 08:20:00,19
41369346,29201066092,2022-02-08 21:21:00,2022-02-09 12:11:00,14
41473668,29189108761,2021-03-10 16:53:00,2021-03-22 09:05:00,280
41494116,29203168982,2022-04-10 12:42:00,2022-05-01 22:18:00,513
41498659,29188435102,2021-02-21 13:38:00,2021-02-23 17:43:00,52
41541938,29197449779,2021-11-05 14:52:00,2021-11-06 12:58:00,22
41620975,29203650997,2022-04-16 23:44:00,2022-04-20 15:24:00,87
41624994,29196769730,2021-10-13 20:11:00,2021-10-15 14:55:00,42
41704820,29194302199,2021-08-07 20:15:00,2021-08-08 14:55:00,18
50162513,29192121227,2021-06-03 12:15:00,2021-06-04 10:20:00,22
50260895,29190261255,2021-04-09 15:26:00,2021-04-11 13:09:00,45
50271619,29197928472,2021-11-20 13:05:00,2021-11-21 16:22:00,27
50358306,29191730594,2021-05-24 15:53:00,2021-05-26 10:04:00,42
50363435,29195774614,2021-09-17 03:14:00,2021-09-17 22:23:00,19
50412338,29185993180,2021-01-06 12:56:00,2021-01-14 12:48:00,191
50423560,29212004338,2022-08-20 17:43:00,2022-08-25 09:54:00,112
50483265,29202028817,2022-03-03 20:07:00,2022-03-05 13:04:00,40
50551551,29198620444,2021-12-13 00:11:00,2021-12-15 15:41:00,63
50551551,29200350835,2022-01-14 23:01:00,2022-01-16 14:11:00,39
50582578,29197192861,2021-10-28 20:38:00,2021-10-30 09:16:00,36
50589350,29198408764,2021-12-03 16:06:00,2021-12-04 14:34:00,22
50760944,29190098494,2021-04-03 21:34:00,2021-04-05 11:24:00,37
50781469,29199543581,2021-12-23 05:01:00,2021-12-24 21:12:00,40
50926301,29202280956,2022-03-11 04:37:00,2022-03-11 16:20:00,11
51008118,29187821354,2021-02-02 19:53:00,2021-02-02 20:37:00,0
51024252,29198191105,2021-11-27 20:06:00,2021-12-01 11:30:00,87
51082563,29207258897,NA,NA,NA
51108362,29192323909,2021-06-10 03:40:00,2021-06-11 20:57:00,41
51108362,29196975668,2021-10-19 14:19:00,2021-10-21 08:38:00,42
51370776,29189089576,2021-03-14 13:25:00,2021-03-17 18:04:00,76
51455895,29188820095,2021-03-04 21:55:00,2021-03-05 21:24:00,23
51455895,29192933522,2021-09-27 08:42:00,2021-09-27 14:47:00,6
51565667,29188574509,2021-02-25 23:59:00,2021-02-26 19:05:00,19
51605005,29188942252,2021-03-06 18:13:00,2021-03-06 18:19:00,0
51608261,29193508693,2021-07-20 17:22:00,2021-07-21 17:37:00,24
51608261,29193753230,NA,NA,NA
51613947,29203205153,2022-04-04 22:04:00,2022-04-05 18:21:00,20
51639612,29204041250,2022-05-04 18:15:00,2022-05-05 16:54:00,22
60212536,29194051203,2021-08-03 17:12:00,2021-08-06 08:17:00,63
60331384,29204774238,2022-05-16 14:11:00,2022-05-18 14:25:00,48
60336666,29207332112,2022-07-21 21:29:00,2022-07-31 17:18:00,235
60395496,29192317708,2021-06-09 04:29:00,2021-06-10 17:38:00,37
60508086,29195761354,2021-09-15 12:41:00,2021-09-20 10:02:00,117
60640280,29205069747,2022-05-30 00:01:00,2022-06-02 17:35:00,89
60654654,29192124308,2021-06-03 23:56:00,2021-06-05 17:42:00,41
60690663,29199345719,2021-12-17 20:00:00,2021-12-17 20:22:00,0
60697200,29198062372,2021-11-21 00:24:00,2021-11-26 16:55:00,136
60761697,29202732350,2022-03-22 20:35:00,2022-03-25 18:47:00,70
60803638,29198132175,2021-11-21 21:17:00,2021-11-22 15:06:00,17
60817833,29192842128,2021-06-29 14:46:00,2021-07-05 14:23:00,143
60825504,29191160422,2021-05-12 20:48:00,2021-05-17 11:35:00,110
60860357,29189495177,2021-03-18 00:41:00,2021-03-18 15:48:00,15
61016475,29204160215,2022-05-01 21:35:00,2022-05-03 17:43:00,44
61051149,29205070808,2022-06-14 09:23:00,2022-06-15 11:39:00,26
61051149,29207116653,2022-08-01 16:40:00,2022-08-13 09:00:00,280
61075982,29189858070,2021-04-19 11:12:00,2021-04-25 10:38:00,143
61183223,29198503465,2021-12-12 15:47:00,2021-12-22 19:02:00,243
61188138,29201625889,2022-03-06 16:46:00,2022-03-13 13:42:00,164
61232046,29190487067,2021-04-15 20:25:00,2021-05-05 23:41:00,483
61260951,29198348567,2021-12-06 14:30:00,2021-12-07 18:56:00,28
61368147,29212007745,2022-08-11 10:35:00,2022-08-17 13:26:00,146
61383481,29190844543,2021-04-25 21:03:00,2021-04-29 16:06:00,91
61394002,29188308959,2021-02-19 16:29:00,2021-02-21 11:29:00,43
61445375,29191551732,2021-05-17 18:37:00,2021-05-18 14:52:00,20
61533188,29197780511,2021-11-15 20:04:00,2021-11-16 17:32:00,21
61608412,29196367715,2021-10-06 19:20:00,2021-10-18 19:08:00,287
70169739,29185612782,2020-12-07 14:16:00,2020-12-09 13:46:00,47
70201794,29192887891,2021-06-26 20:26:00,2021-06-28 21:39:00,49
70219606,29202752186,2022-04-02 00:22:00,2022-04-05 13:28:00,85
70228955,29194635719,2021-08-18 16:16:00,2021-08-19 11:27:00,19
70228955,29196188877,2021-09-27 15:49:00,2021-09-29 12:45:00,44
70252779,29190707186,2021-04-21 21:33:00,2021-04-23 16:04:00,42
70265170,29199800441,2021-12-29 23:38:00,2021-12-30 16:04:00,16
70276464,29196367731,2021-10-03 04:17:00,2021-10-03 10:59:00,6
70313241,29199809914,2022-01-13 14:31:00,2022-01-14 19:53:00,29
70332707,29203724037,2022-04-21 11:30:00,2022-04-23 10:22:00,46
70414101,29188628533,2021-02-27 13:32:00,2021-03-02 13:09:00,71
70414101,29189146675,2021-03-10 18:15:00,2021-03-11 09:46:00,15
70496033,29192499063,2021-06-14 16:08:00,2021-06-15 12:33:00,20
70511490,29188809732,2021-03-03 06:00:00,2021-03-08 14:08:00,128
70620334,29195002512,2021-08-31 14:58:00,2021-09-01 09:43:00,18
70672868,29190233857,2021-04-07 10:42:00,2021-04-07 15:56:00,5
70684775,29200056339,2022-01-07 22:48:00,2022-01-09 16:20:00,41
70739621,29192064867,2021-06-12 16:07:00,2021-06-13 14:35:00,22
70787331,29189993415,2021-04-01 18:44:00,2021-04-03 13:53:00,43
70831889,29190914100,2021-06-15 16:53:00,2021-06-28 20:10:00,315
70905136,29186747540,2021-01-19 19:44:00,2021-02-01 10:31:00,302
70907215,29198405395,2021-12-03 21:10:00,2021-12-07 12:01:00,86
70919306,29199450723,2021-12-20 01:56:00,2021-12-21 23:11:00,45
71013324,29198758840,2021-12-13 19:06:00,2021-12-15 10:49:00,39
71088390,29193239630,2021-07-06 11:04:00,2021-07-07 08:21:00,21
71249059,29205670047,2022-06-06 18:22:00,2022-06-10 10:44:00,88
71260564,29185992667,2020-12-24 09:42:00,2021-01-05 13:57:00,292
71309660,29189517551,2021-03-21 17:21:00,2021-03-29 16:16:00,190
71312788,29192230084,2021-06-07 00:40:00,2021-06-08 16:43:00,40
71343885,29195509464,2021-09-13 15:49:00,2021-09-19 20:58:00,149
71405369,29199793328,2021-12-29 01:09:00,2021-12-30 15:30:00,38
71405784,29198512404,2021-12-07 09:48:00,2021-12-11 02:42:00,88
71474629,29205528694,2022-05-31 01:02:00,2022-05-31 15:11:00,14
71532892,29187125671,2021-01-23 10:42:00,2021-01-24 08:07:00,21
71532892,29191652746,2021-05-20 23:55:00,2021-05-23 17:04:00,65
71547884,29190292514,2021-04-10 18:30:00,2021-04-12 16:14:00,45
71547884,29190425841,NA,NA,NA
71548224,29204540997,2022-05-10 14:51:00,2022-05-10 17:30:00,2
71548253,29190723142,2021-04-22 15:25:00,2021-04-25 14:42:00,71
71631809,29207507062,2022-07-27 16:02:00,2022-07-29 17:38:00,49
71688603,29192569074,2021-06-17 22:52:00,2021-06-22 11:30:00,108
71699846,29185453659,2020-12-04 21:30:00,2021-01-02 13:59:00,688
71715095,29188887321,2021-03-12 11:24:00,2021-03-13 22:40:00,35
80217108,29194458587,2021-08-12 14:51:00,2021-08-12 17:13:00,2
80223409,29197595312,2021-11-08 11:49:00,2021-11-10 13:01:00,49
80266565,29204594530,2022-05-12 14:02:00,2022-05-16 17:06:00,99
80266565,29206166906,2022-06-21 10:08:00,2022-06-25 19:07:00,104
80338383,29188246328,2021-02-15 23:29:00,2021-02-19 13:02:00,85
80348334,29213874178,2022-08-28 15:38:00,2022-08-29 12:06:00,20
80352821,29190174992,2021-04-06 02:26:00,2021-04-07 15:00:00,36
80394457,29196768900,2021-10-13 19:36:00,2021-10-15 11:06:00,39
80436500,29203014886,2022-03-31 09:12:00,2022-05-08 15:33:00,918
80461841,29188066001,2021-02-13 22:03:00,2021-02-14 09:20:00,11
80493473,29196975260,2021-10-19 18:33:00,2021-10-20 16:35:00,22
80493473,29201548867,2022-02-18 15:22:00,2022-02-20 11:58:00,44
80533127,29188888244,2021-03-06 02:10:00,2021-03-08 17:35:00,63
80623278,29193997709,2021-07-28 16:58:00,2021-07-29 23:20:00,30
80687679,29188647951,2021-02-27 20:31:00,2021-02-28 16:19:00,19
80705499,29201472119,2022-02-20 18:06:00,2022-03-06 12:43:00,330
80772768,29198606870,2021-12-08 13:55:00,2021-12-11 15:23:00,73
80801984,29189988772,2021-04-04 22:15:00,2021-04-05 00:18:00,2
80804855,29196175304,2021-09-27 20:09:00,2021-09-29 18:23:00,46
80823617,29194978397,2021-08-26 13:16:00,2021-08-30 21:19:00,104
80919743,29199357703,2021-12-18 14:14:00,2021-12-18 18:22:00,4
81075984,29198192355,2021-11-29 20:38:00,2021-12-06 13:09:00,160
81180854,29188637178,2021-04-20 11:46:00,2021-04-23 08:23:00,68
81184726,29195813904,2021-09-17 18:28:00,2021-09-18 12:41:00,18
81260129,29200262417,2022-01-16 17:14:00,2022-01-17 11:51:00,18
81264865,29194337101,2021-08-15 20:33:00,2021-08-18 18:05:00,69
81438886,29199791545,2021-12-28 22:54:00,2021-12-29 14:28:00,15
81453048,29196582877,2021-10-10 02:14:00,2021-10-11 18:10:00,39
81467216,29204037262,2022-04-27 00:34:00,2022-04-27 19:15:00,18
81484661,29213294950,2022-08-21 14:10:00,2022-08-25 11:53:00,93
81642157,29194454258,2021-08-15 18:20:00,2021-08-21 13:10:00,138
81702611,29189895494,2021-03-28 23:16:00,2021-04-02 19:53:00,116
90175700,29207760510,2022-08-01 07:59:00,2022-08-02 13:27:00,29
90224392,29194512578,2021-08-14 01:25:00,2021-08-14 14:30:00,13
90237396,29192858023,2021-06-26 15:54:00,2021-06-26 19:53:00,3
90298650,29193902229,2021-07-26 02:40:00,2021-07-27 10:54:00,32
90399325,29201510530,2022-02-15 17:06:00,2022-02-18 12:24:00,67
90468839,29192861134,2021-06-26 06:27:00,2021-06-26 18:04:00,11
90479146,29191162992,2021-05-06 00:03:00,2021-05-06 18:49:00,18
90566552,29196832616,2021-10-16 10:20:00,2021-10-19 22:16:00,83
90569281,29203104503,2022-04-02 16:18:00,2022-04-04 12:53:00,44
90572824,29189425818,2021-03-21 22:58:00,2021-03-22 14:19:00,15
90636203,29189062620,2021-03-10 13:13:00,2021-03-12 11:44:00,46
90660321,29192317925,2021-06-09 16:57:00,2021-06-11 22:41:00,53
90675452,29206912490,2022-07-10 03:29:00,2022-07-14 15:53:00,108
90772325,29191026399,2021-05-03 14:38:00,2021-05-16 14:18:00,311
90827067,29192994663,2021-06-30 00:51:00,2021-06-30 10:41:00,9
90827067,29206513983,2022-06-29 23:40:00,2022-07-06 14:20:00,158
90837558,29199554384,2021-12-31 15:41:00,2022-01-02 15:42:00,48
90940882,29206021658,2022-06-14 22:44:00,2022-06-15 01:00:00,2
90942723,29207355802,2022-07-31 15:40:00,2022-08-01 15:35:00,23
90990810,29189464354,2021-03-16 22:40:00,2021-03-17 17:49:00,19
91029209,29191345163,2021-05-12 10:43:00,2021-05-12 20:17:00,9
91035957,29194006201,2021-07-30 01:20:00,2021-07-30 14:42:00,13
91053445,29193754317,2021-07-21 22:45:00,2021-07-22 16:10:00,17
91060819,29200494859,2022-01-18 04:19:00,2022-01-23 23:13:00,138
91080314,29196935608,2021-10-18 12:10:00,2021-10-19 13:49:00,25
91104810,29188702213,2021-02-28 16:33:00,2021-03-01 17:08:00,24
91189907,29189829259,2021-04-09 20:41:00,2021-04-12 12:55:00,64
91192462,29190781029,2021-04-25 16:18:00,2021-04-26 13:11:00,20
91194207,29193424021,2021-07-12 23:38:00,2021-07-13 20:03:00,20
91245406,29197700532,2021-11-12 17:39:00,2021-11-15 14:44:00,69
91248855,29194892200,2021-08-23 17:40:00,2021-08-24 19:03:00,25
91293311,29204589625,2022-05-11 14:34:00,2022-05-13 10:01:00,43
91332221,29196570138,2021-10-08 21:54:00,2021-10-16 11:05:00,181
91349329,29192853133,2021-06-30 16:39:00,2021-07-02 15:25:00,46
91376910,29192313659,2021-06-11 16:00:00,2021-06-13 14:39:00,46
91445576,29191578761,2021-05-17 14:26:00,2021-05-17 22:08:00,7
91488440,29192371142,2021-06-12 07:11:00,2021-06-14 17:25:00,58
91488440,29197447232,2021-11-08 03:38:00,2021-11-11 23:58:00,92
91488440,29198517771,2021-12-06 05:10:00,2021-12-09 13:28:00,80
91488440,29204475144,2022-05-15 01:25:00,2022-05-16 10:12:00,32
91509618,29195259973,NA,NA,NA
91559273,29213148052,2022-08-16 23:52:00,2022-08-21 15:54:00,112
91733230,29201037822,2022-02-18 23:50:00,2022-02-19 22:50:00,23
92159676,29201539786,2022-02-17 22:33:00,2022-02-19 01:53:00,27
100166121,29197784077,2021-11-14 14:34:00,2021-11-15 11:56:00,21
100166751,29199806923,2022-01-06 04:15:00,2022-01-12 20:06:00,159
100167874,29202860536,2022-03-27 10:50:00,2022-03-28 13:36:00,26
100168183,29194701669,2021-08-20 14:53:00,2021-08-21 15:48:00,24
100168842,29195642477,2021-09-20 20:32:00,2021-09-25 21:30:00,120
100169175,29188371194,2021-02-22 09:51:00,2021-02-27 15:24:00,125
100169175,29188652748,NA,NA,NA
100171079,29189442780,2021-03-15 19:35:00,2021-03-17 21:16:00,49
100177704,29191869257,2021-05-25 22:14:00,2021-05-27 17:00:00,42
100184489,29202307496,2022-03-11 18:13:00,2022-03-12 12:33:00,18
100188304,29197527937,2021-11-12 13:04:00,2021-11-15 08:44:00,67
100192219,29193046863,2021-07-03 16:25:00,2021-07-04 13:58:00,21
100195283,29189176513,2021-03-11 22:37:00,2021-03-14 14:35:00,63
100197569,29201139435,2022-02-06 02:11:00,2022-02-06 13:01:00,10
100199054,29190136296,2021-04-09 14:16:00,2021-04-10 14:55:00,24
100199054,29190612322,2021-07-16 13:15:00,2021-07-17 10:10:00,20
100200933,29197081967,2021-10-30 12:52:00,2021-10-31 17:45:00,28
100212113,29206157810,2022-06-19 05:53:00,2022-06-19 06:19:00,0
100214805,29202376955,2022-03-14 11:21:00,2022-03-18 16:17:00,100
100217702,29186888682,2021-01-16 12:42:00,2021-01-17 03:58:00,15
100228242,29196193841,2021-09-27 21:41:00,2021-09-28 09:43:00,12
100230078,29190450716,2021-04-13 14:56:00,2021-04-13 17:39:00,2
100233778,29190414905,2021-04-12 15:44:00,2021-04-16 17:10:00,97
100236707,29198232199,2021-11-27 15:23:00,2021-11-28 14:00:00,22
100237155,29199341549,2022-01-15 18:14:00,2022-01-16 12:22:00,18
100237753,29189262292,2021-03-16 16:56:00,2021-03-19 13:41:00,68
100240742,29196045062,2021-09-26 19:30:00,2021-09-27 12:56:00,17
100243341,29192967327,2021-06-28 15:38:00,2021-06-29 15:08:00,23
100243341,29200704077,2022-01-24 16:02:00,2022-01-26 15:14:00,47
100248103,29201362809,2022-02-20 16:42:00,2022-02-21 22:29:00,29
100252607,29192695848,NA,NA,NA
100256961,29205644221,2022-06-04 22:55:00,2022-06-06 13:40:00,38
100282184,29185437629,NA,NA,NA
100292286,29200901080,2022-01-30 18:07:00,2022-02-04 21:12:00,123
100299613,29193478077,2021-07-25 14:39:00,2021-07-26 20:02:00,29
100307025,29206307075,2022-06-23 10:05:00,2022-06-24 15:41:00,29
100329370,29198058314,2021-11-20 10:49:00,2021-11-21 13:44:00,26
100329711,29196315230,2021-10-02 06:41:00,2021-10-02 22:54:00,16
100329981,29206341781,2022-06-24 15:05:00,2022-06-25 22:44:00,31
100330014,29187604181,2021-02-01 14:48:00,2021-02-03 15:05:00,48
100330014,29200355137,2022-01-15 19:35:00,2022-01-15 20:04:00,0
100330501,29206459453,2022-06-28 12:25:00,2022-06-29 19:35:00,31
100331858,29199425580,2022-01-04 16:51:00,2022-01-11 22:37:00,173
100332245,29200594486,2022-01-23 11:45:00,2022-01-25 13:01:00,49
100332554,29189737751,2021-04-04 18:53:00,2021-04-09 16:38:00,117
100339157,29189283682,2021-03-14 00:22:00,2021-03-16 15:14:00,62
100342585,29193522144,2021-07-16 00:40:00,2021-07-16 12:54:00,12
100342585,29200777543,2022-01-26 17:51:00,2022-01-28 12:54:00,43
100357447,29187886986,2021-02-05 19:31:00,2021-02-15 11:31:00,232
100357952,29196120789,2021-09-26 07:40:00,2021-09-27 16:44:00,33
100364380,29193755387,2021-07-23 15:47:00,2021-07-25 17:45:00,49
100364398,29191104602,2021-05-03 18:28:00,2021-05-04 12:36:00,18
100364398,29206017603,2022-06-15 05:05:00,2022-06-15 15:23:00,10
100377632,29191678194,2021-05-28 19:30:00,2021-05-29 18:48:00,23
100386427,29198459937,2021-12-05 13:57:00,2021-12-11 07:24:00,137
100407141,29184965918,NA,NA,NA
100419215,29202788776,2022-03-26 09:49:00,2022-03-27 13:11:00,27
100422237,29195434264,2021-09-06 18:34:00,2021-09-11 18:15:00,119
100428393,29190394354,2021-04-25 17:50:00,2021-05-02 16:18:00,166
100428393,29191245736,2021-05-18 17:13:00,2021-05-19 13:59:00,20
100429100,29190559202,2021-04-24 05:57:00,2021-04-24 05:58:00,0
100433346,29205792973,2022-06-09 10:37:00,2022-06-09 12:44:00,2
100435697,29197451430,2021-11-07 17:29:00,2021-11-09 13:27:00,43
100436679,29187065267,2021-01-22 15:09:00,2021-01-23 07:42:00,16
100442211,29189521352,2021-03-20 10:21:00,2021-03-23 12:39:00,74
100444020,29185743754,2020-12-12 23:19:00,2020-12-13 20:41:00,21
100456129,29205893356,2022-06-12 16:49:00,2022-06-13 17:00:00,24
100461517,29186634507,2021-01-10 08:17:00,2021-01-12 12:17:00,52
100467628,29201590768,2022-02-19 03:02:00,2022-02-19 14:49:00,11
100467982,29189983616,2021-03-31 17:42:00,2021-04-01 08:06:00,14
100473363,29195570660,2021-09-20 16:56:00,2021-09-21 14:30:00,21
100475076,29197200116,2021-10-29 14:12:00,2021-11-02 16:17:00,98
100476573,29192907296,2021-06-27 02:29:00,2021-06-27 13:26:00,10
100477248,29199661927,2021-12-31 03:08:00,2021-12-31 21:05:00,17
100502789,29201524668,2022-02-20 19:23:00,2022-02-21 13:35:00,18
200176544,29192806749,2021-06-24 13:04:00,2021-06-25 13:20:00,24
200176544,29193043434,2021-07-01 14:16:00,2021-07-03 12:01:00,45
200182071,29189467573,2021-03-18 16:26:00,2021-03-22 07:51:00,87
200183340,29186969484,2021-01-18 20:50:00,2021-01-19 04:06:00,7
200185977,29190147831,2021-04-05 17:37:00,2021-04-08 10:58:00,65
200201027,29188810370,2021-03-03 18:48:00,2021-03-05 09:27:00,38
200205247,29187088516,2021-01-23 23:11:00,2021-01-27 10:47:00,83
200206525,29198720028,2021-12-14 01:00:00,2021-12-15 21:42:00,44
200219634,29212080716,2022-08-15 19:33:00,2022-08-15 21:04:00,1
200224491,29203312248,2022-04-09 19:46:00,2022-04-10 11:09:00,15
200230512,29203011923,2022-03-30 19:41:00,2022-04-01 12:58:00,41
200239574,29201269801,2022-02-13 19:02:00,2022-02-15 15:15:00,44
200241928,29196316556,2021-10-05 12:16:00,2021-10-05 16:14:00,3
200241989,29206487881,NA,NA,NA
200241989,29206601951,NA,NA,NA
200244478,29202800421,2022-04-16 11:27:00,2022-04-30 14:45:00,339
200248776,29193275708,NA,NA,NA
200249212,29191068728,2021-05-03 17:05:00,2021-05-05 12:54:00,43
200253481,29204593385,2022-05-18 12:58:00,2022-05-24 15:23:00,146
200307891,29206194111,2022-06-20 11:03:00,2022-06-26 13:57:00,146
200313600,29198614341,2021-12-09 18:59:00,2022-01-03 21:10:00,602
200315832,29195015191,2021-08-26 19:07:00,2021-08-28 08:38:00,37
200319747,29196816947,2021-10-22 16:07:00,2021-10-22 19:40:00,3
200319852,29204245789,2022-05-14 12:14:00,2022-05-27 15:14:00,315
200353943,29195626070,2021-09-12 12:45:00,2021-09-16 17:03:00,100
200377500,29186371436,2021-01-05 14:42:00,2021-01-14 07:32:00,208
200398769,29200272223,2022-01-11 22:49:00,2022-01-13 16:40:00,41
200401417,29204054780,2022-04-29 16:37:00,2022-05-01 22:07:00,53
200415777,29195265637,2021-09-03 15:15:00,2021-09-26 21:55:00,558
200416826,29183809443,2021-01-05 15:29:00,2021-02-19 22:00:00,1086
200417642,29197247182,2021-10-31 22:16:00,2021-11-02 13:07:00,38
200418275,29193282085,2021-07-08 15:01:00,2021-07-09 20:40:00,29
200418918,29205301879,2022-05-27 16:21:00,2022-05-28 13:43:00,21
200427440,29194447677,2021-08-12 02:41:00,2021-08-14 12:21:00,57
200430778,29205769672,NA,NA,NA
200430932,29193510937,NA,NA,NA
200430932,29194454123,NA,NA,NA
200436057,29207416653,2022-07-24 20:58:00,2022-07-25 15:29:00,18
200437302,29193993145,2021-07-27 23:09:00,2021-08-01 22:18:00,119
200438056,29203265691,2022-04-08 05:32:00,2022-04-15 19:13:00,181
200440415,29195678735,2021-09-17 15:10:00,2021-09-20 16:35:00,73
200440607,29198202136,2021-11-28 14:07:00,2021-11-29 12:02:00,21
200445351,29193858863,2021-07-31 15:32:00,2021-08-08 23:00:00,199
200446856,29198421689,2021-12-03 22:15:00,2021-12-06 14:38:00,64
200449891,29196722990,2021-10-24 21:40:00,2021-10-26 14:46:00,41
200450294,29212035574,2022-08-13 19:55:00,2022-08-17 00:07:00,76
200460095,29202767769,2022-03-24 19:48:00,2022-03-25 20:56:00,25
200460302,29202078880,2022-03-06 17:47:00,2022-03-09 13:45:00,67
200460414,29213170993,2022-08-17 23:11:00,2022-08-19 11:44:00,36
200471097,29204841173,2022-05-30 17:54:00,2022-05-31 08:54:00,15
200471324,29203785338,NA,NA,NA
200486991,29204042761,2022-04-27 21:22:00,2022-04-28 11:07:00,13
200489035,29207755997,2022-07-31 21:34:00,2022-08-02 12:37:00,39
200489303,29198423216,2021-12-06 00:16:00,2021-12-06 06:31:00,6
200494286,29202622103,2022-03-20 06:04:00,2022-03-20 15:18:00,9
200496053,29194253651,2021-08-06 15:28:00,2021-08-07 19:05:00,27
200503919,29196115967,2021-09-25 19:42:00,2021-09-26 21:19:00,25
200505743,29199504617,2021-12-22 20:13:00,2021-12-25 13:58:00,65
200509065,29187984987,2021-02-08 01:13:00,2021-02-08 15:16:00,14
200509268,29196377886,2021-10-03 17:30:00,2021-10-10 12:49:00,163
200513299,29202663570,NA,NA,NA
200523249,29207025843,2022-07-12 19:47:00,2022-07-29 20:07:00,408
200538364,29186436990,2021-01-05 15:46:00,2021-01-06 12:18:00,20
200541373,29186596631,2021-01-11 22:55:00,2021-01-13 12:52:00,37
200551642,29204855810,2022-05-20 03:11:00,2022-05-21 16:49:00,37
200554921,29187062382,2021-01-21 02:01:00,2021-01-21 18:38:00,16
200559320,29192568987,2021-07-07 17:03:00,2021-07-18 13:00:00,259
200560740,29185823852,2020-12-29 20:57:00,2021-01-05 12:23:00,159
200563469,29199499083,2021-12-21 06:57:00,2021-12-22 14:33:00,31
200565133,29195158329,2021-08-29 21:17:00,2021-09-07 19:06:00,213
200565133,29197015127,2021-10-20 18:26:00,2021-11-01 12:19:00,281
200567403,29190651710,2021-04-19 19:10:00,2021-04-24 13:12:00,114
200570647,29212011103,2022-08-12 04:39:00,2022-08-12 10:43:00,6
200584366,29197672308,2021-11-09 18:28:00,2021-11-11 13:09:00,42
200586682,29190719192,2021-04-27 18:44:00,2021-04-28 09:22:00,14
200600805,29210110267,2022-08-12 12:49:00,2022-08-14 18:11:00,53
200603635,29185742744,2021-01-05 16:00:00,2021-01-11 09:44:00,137
200612283,29210543908,2022-08-15 15:32:00,2022-08-16 05:04:00,13
200643302,29192352459,NA,NA,NA
200647531,29195223582,2021-08-31 12:19:00,2021-08-31 17:33:00,5
200654785,29188539792,2021-02-26 14:07:00,2021-02-27 13:39:00,23
200658685,29197181707,2021-10-27 01:19:00,2021-10-30 12:07:00,82
200658951,29202584217,2022-03-19 16:05:00,2022-03-20 13:37:00,21
200666368,29185291505,NA,NA,NA
200670881,29185810766,2020-12-31 10:16:00,2021-01-04 07:39:00,93
200671029,29201112499,NA,NA,NA
200673069,29203313206,2022-04-08 21:04:00,2022-04-09 11:52:00,14
200677489,29199976098,2022-01-14 20:54:00,2022-01-16 11:06:00,38
200678522,29195255028,2021-09-01 22:12:00,2021-09-05 16:20:00,90
200678522,29196766362,NA,NA,NA
200678522,29197171885,2021-10-26 02:44:00,2021-10-29 12:26:00,81
200684936,29196363570,NA,NA,NA
200687884,29197381520,2021-11-10 00:19:00,2021-11-10 13:36:00,13
200688392,29199802550,2021-12-30 22:28:00,2022-01-03 06:53:00,80
200688497,29201387712,2022-02-13 00:27:00,2022-02-17 18:20:00,113
200688630,29198190741,2021-11-26,2021-11-27 13:14:00,37
200695559,29192637937,2021-07-03 13:18:00,2021-07-04 16:47:00,27
200704781,29187997754,2021-02-08 13:39:00,2021-02-10 18:00:00,52
200704824,29188972689,2021-03-12 15:50:00,2021-03-13 13:08:00,21
200708451,29188709459,2021-03-01 13:55:00,2021-03-08 12:41:00,166
200714474,29193533447,NA,NA,NA
200725187,29188567742,2021-02-26 05:17:00,2021-02-28 09:49:00,52
200731960,29213888204,2022-08-30 18:03:00,2022-09-01 00:05:00,30
200732168,29198541840,2021-12-07 18:48:00,2021-12-12 13:44:00,114
200732168,29205803909,2022-06-10 09:36:00,2022-06-11 18:06:00,32
200733260,29194037724,2021-07-30 19:22:00,2021-08-02 16:00:00,68
200736350,29184902666,NA,NA,NA
200745558,29200354266,2022-01-15 04:58:00,2022-01-16 14:27:00,33
200758059,29199496430,2021-12-23 23:57:00,2021-12-28 08:04:00,104
200764634,29199930655,2022-01-02 19:46:00,2022-01-05 16:06:00,68
200765517,29202323002,2022-03-12 23:17:00,2022-03-13 13:38:00,14
200765834,29200123359,2022-01-14 19:24:00,2022-01-15 16:07:00,20
200765834,29204359476,2022-05-09 05:42:00,2022-05-26 18:28:00,420
200770001,29189964028,2021-04-02 14:01:00,2021-04-05 16:29:00,74
200772382,29198273234,2021-12-01 12:58:00,2021-12-10 17:58:00,221
200773608,29200915976,2022-02-11 17:14:00,2022-02-14 14:58:00,69
200774092,29195946588,2021-10-10 14:10:00,2021-10-12 12:22:00,46
200774092,29198359905,2021-12-14 19:26:00,2021-12-18 11:56:00,88
200789110,29191407730,2021-05-14 17:31:00,2021-05-20 21:29:00,147
200795534,29197406426,2021-11-14 19:03:00,2021-11-15 18:51:00,23
200796637,29187610056,2021-02-04 12:11:00,2021-02-08 11:46:00,95
200805810,29195410437,2021-09-07 00:24:00,2021-09-13 13:54:00,157
200806335,29189810156,2021-03-27 12:02:00,2021-03-28 11:03:00,23
200808889,29203951126,2022-04-25 06:05:00,2022-04-25 14:53:00,8
200814118,29192416008,2021-06-13 19:44:00,2021-06-15 15:16:00,43
200815064,29198711250,2021-12-11 19:54:00,2021-12-13 17:13:00,45
200819994,29192332892,2021-06-22 10:26:00,2021-07-06 17:06:00,342
200827185,29191247092,2021-05-16 12:02:00,2021-05-24 13:46:00,193
200837652,29198365942,2021-12-01 21:56:00,2021-12-02 17:12:00,19
200846359,29193460924,2021-07-12 21:34:00,2021-07-13 08:10:00,10
200851151,29190725868,2021-04-22 20:24:00,2021-04-23 09:36:00,13
200851625,29199995285,2022-01-03 21:04:00,2022-01-04 18:24:00,21
200855524,29199804110,2022-01-17 20:25:00,2022-03-03 17:44:00,1077
200859060,29191003204,2021-05-03 14:14:00,2021-05-12 11:43:00,213
200860189,29212171176,2022-08-21 12:20:00,2022-08-22 15:15:00,26
200865086,29192097605,2021-06-05 17:40:00,2021-06-22 13:38:00,403
200876970,29203246259,2022-04-05 16:51:00,2022-04-08 12:39:00,67
200877436,29188396131,2021-02-22 16:41:00,2021-02-23 20:27:00,27
200878579,29193947769,2021-09-29 19:13:00,2021-10-02 18:12:00,70
200878807,29193523669,2021-07-16 06:14:00,2021-07-17 17:32:00,35
200879975,29201291705,2022-02-11 05:48:00,2022-02-12 01:21:00,19
200883535,29197785533,2021-11-16 20:59:00,2021-11-19 18:01:00,69
200884877,29193006224,2021-06-30 21:50:00,2021-07-02 20:44:00,46
200890659,29195071353,2021-12-08 18:52:00,2021-12-08 19:50:00,0
200894385,29194239251,2021-08-04 14:33:00,2021-08-04 14:42:00,0
200901445,29198845575,NA,NA,NA
200922686,29193186772,NA,NA,NA
200922752,29189493313,2021-03-26 13:04:00,2021-03-28 18:40:00,53
200923896,29203270725,2022-04-17 13:13:00,2022-04-18 10:09:00,20
200923896,29204205384,NA,NA,NA
200934342,29195259623,2021-09-14 13:16:00,2021-09-17 22:23:00,81
200937402,29197738194,2021-11-15 13:32:00,2021-11-17 18:15:00,52
200939285,29196765061,2021-10-13 03:21:00,2021-10-15 17:21:00,62
200941068,29196472141,2021-10-05 12:16:00,2021-10-06 13:48:00,25
200945092,29202223809,2022-03-08 00:56:00,2022-03-08 16:08:00,15
200945092,29204480318,2022-05-13 02:32:00,2022-05-13 13:01:00,10
200951473,29191651847,2021-05-27 10:55:00,2021-05-30 15:14:00,76
200954748,29206110073,2022-06-18 09:29:00,2022-06-19 17:12:00,31
200961313,29204058320,NA,NA,NA
200961778,29197880426,2021-11-16 15:33:00,2021-11-18 12:31:00,44
200961778,29197923077,NA,NA,NA
200965731,29202291456,2022-03-15 10:39:00,2022-03-15 10:40:00,0
200977386,29207080212,2022-07-14 15:51:00,2022-07-16 12:45:00,44
200995027,29205418138,2022-05-30 05:11:00,2022-06-25 12:41:00,631
200995911,29192811376,2021-06-25 11:20:00,2021-06-27 16:22:00,53
201004659,29186822084,2021-01-14 15:38:00,2021-01-15 14:08:00,22
201006738,29206610013,2022-08-04 14:36:00,2022-08-07 14:40:00,72
201008304,29197707255,2021-11-21 09:37:00,2021-11-23 08:46:00,47
201008942,29190971804,2021-04-30 21:38:00,2021-05-08 21:02:00,191
201009405,29189737652,2021-03-25 09:54:00,2021-04-07 11:08:00,313
201009405,29190486359,NA,NA,NA
201010586,29196183259,2021-11-05 18:36:00,2021-11-06 12:21:00,17
201010917,29206702543,2022-07-05 16:20:00,2022-07-05 22:15:00,5
201012897,29191724779,2021-05-22 16:41:00,2021-05-29 13:02:00,164
201014406,29204039153,2022-04-27 15:24:00,2022-05-01 16:12:00,96
201017979,29196614084,2021-10-09 16:26:00,2021-10-10 13:32:00,21
201021630,29207234937,2022-07-19 01:58:00,2022-07-19 10:24:00,8
201023766,29192516495,2021-06-14 22:55:00,2021-06-15 10:57:00,12
201026278,29191922543,2021-05-29 18:51:00,2021-05-30 13:52:00,19
201028150,29197238535,2021-11-01 14:06:00,2021-11-04 15:38:00,73
201032891,29204905871,2022-05-21 04:42:00,2022-05-23 17:12:00,60
201036107,29200923048,2022-02-01 09:57:00,2022-02-06 13:43:00,123
201037114,29189799905,2021-03-30 15:45:00,2021-05-01 11:28:00,763
201037114,29190984749,NA,NA,NA
201043267,29198661138,2021-12-10 21:47:00,2021-12-11 20:59:00,23
201043962,29187710514,2021-03-01 14:05:00,2021-03-03 12:08:00,46
201043962,29189800570,2021-04-03 09:29:00,2021-04-06 13:23:00,75
201050645,29194758850,2021-08-21 06:32:00,2021-08-21 16:07:00,9
201051847,29189055427,2021-03-26 19:24:00,2021-04-05 05:44:00,226
201053906,29196846276,2021-10-16 14:23:00,2021-10-16 19:10:00,4
201059576,29198209673,2021-11-26 14:46:00,2021-11-27 18:19:00,27
201061088,29194930609,2021-08-23 16:15:00,2021-08-24 11:44:00,19
201067396,29194350402,2021-08-14 14:00:00,2021-08-24 22:12:00,248
201072289,29195345254,2021-10-12 13:40:00,2021-10-14 14:11:00,48
201074253,29193016036,2021-07-04 15:32:00,2021-07-06 13:36:00,46
201077845,29196401879,2021-10-04 13:55:00,2021-10-06 22:14:00,56
201079092,29190620414,NA,NA,NA
201079845,29206262501,2022-06-26 11:54:00,2022-07-01 08:24:00,116
201079897,29201338077,2022-02-15 23:25:00,2022-02-20 14:49:00,111
201080839,29206308282,2022-06-25 17:48:00,2022-06-29 13:14:00,91
201097614,29191253223,NA,NA,NA
201104669,29205325505,2022-05-28 18:38:00,2022-05-31 06:58:00,60
201112018,29206337551,2022-06-25 09:41:00,2022-06-27 18:52:00,57
201113584,29207505425,2022-08-20 11:51:00,2022-08-28 18:30:00,198
201118093,29191358736,2021-05-23 18:28:00,2021-05-25 19:00:00,48
201125084,29197406202,2021-11-15 13:56:00,2021-11-27 02:12:00,276
201127335,29197421625,2021-11-02 19:40:00,2021-11-10 19:30:00,191
201130029,29200201644,2022-01-10 13:59:00,2022-01-11 09:45:00,19
201134146,29187065857,2021-01-30 19:03:00,2021-02-07 13:38:00,186
201134159,29194564147,2021-08-15 01:09:00,2021-08-15 12:25:00,11
201137763,29206239976,2022-06-26 08:37:00,2022-07-05 09:34:00,216
201138668,29201031712,2022-02-03 19:40:00,2022-02-04 11:34:00,15
201140187,29206142637,2022-06-19 13:57:00,2022-06-25 19:16:00,149
201144056,29187417644,2021-01-29 20:25:00,2021-01-30 23:11:00,26
201145174,29186603989,2021-01-08 11:28:00,2021-01-10 18:16:00,54
201145790,29204317896,2022-05-09 18:41:00,2022-05-14 16:09:00,117
201150597,29198611461,2021-12-19 10:30:00,2021-12-19 23:52:00,13
201152567,29206814456,NA,NA,NA
201156850,29201038768,2022-02-05 00:49:00,2022-02-14 14:10:00,229
201157054,29202328252,2022-03-12 15:05:00,2022-03-17 10:23:00,115
201162161,29203522274,2022-05-02 19:58:00,2022-05-04 13:47:00,41
201182449,29188670407,2021-02-28 12:07:00,2021-03-01 13:11:00,25
201186298,29213894963,NA,NA,NA
201191742,29186190148,2021-01-21 20:44:00,2021-01-28 12:30:00,159
201195334,29197438785,2021-11-04 00:17:00,2021-11-06 13:46:00,61
201199302,29186730374,2021-01-14 13:51:00,2021-01-14 22:46:00,8
201213216,29203016404,2022-04-04 14:15:00,2022-04-14 14:31:00,240
201213463,29196447225,2021-10-11 12:38:00,2021-10-12 10:07:00,21
201216968,29205802551,2022-06-11 17:27:00,2022-06-12 15:12:00,21
201218984,29205074138,2022-05-24 17:05:00,2022-05-25 16:51:00,23
201221153,29192798540,2021-06-23 06:04:00,2021-06-25 16:59:00,58
201224617,29198001329,2021-11-19 19:54:00,2021-11-20 12:31:00,16
201229452,29198784248,2021-12-13 14:30:00,2021-12-14 12:56:00,22
201236120,29204187601,2022-05-02 19:13:00,2022-05-03 11:38:00,16
201239035,29188815486,2021-03-04 01:56:00,2021-03-05 21:57:00,44
201239617,29188377861,2021-03-02 14:43:00,2021-03-03 17:30:00,26
201243198,29195212315,2021-08-31 08:44:00,2021-09-03 20:18:00,83
201244063,29189517763,2021-03-20 18:46:00,2021-03-23 12:40:00,65
201248681,29190529704,2021-04-25 20:46:00,2021-04-26 09:30:00,12
201252972,29206185447,2022-06-19 14:25:00,2022-06-20 13:19:00,22
201253132,29197916771,2021-11-17 21:02:00,2021-11-19 20:29:00,47
201255187,29185623390,2020-12-19 10:47:00,2020-12-31 20:34:00,297
201257895,29197926547,2021-11-18 14:30:00,2021-11-19 18:00:00,27
201258016,29201589285,2022-02-18 23:27:00,2022-02-19 12:31:00,13
201315426,29195201362,2021-08-30 18:19:00,2021-09-01 23:31:00,53
201341276,29195748452,2021-09-20 12:09:00,2021-10-03 23:14:00,323
201410079,29190139651,2021-04-08 18:36:00,2021-04-13 10:07:00,111
201503183,29200782621,2022-06-10 12:43:00,2022-06-15 06:23:00,113
201538723,29186757470,NA,NA,NA
201558759,29198650225,2021-12-11 19:58:00,2021-12-12 16:16:00,20
201589325,29213108377,2022-08-23 19:12:00,2022-08-30 12:53:00,161
201591425,29190486240,2021-04-17 19:14:00,2021-04-19 12:07:00,40
201592017,29190283617,NA,NA,NA
201602363,29197690149,NA,NA,NA
201625141,29200217764,2022-01-13 01:06:00,2022-01-18 18:42:00,137
201646662,29198835000,2021-12-24 17:41:00,2021-12-28 09:14:00,87
201656040,29199794010,NA,NA,NA
201665420,29205529792,2022-05-31 03:44:00,2022-06-04 17:00:00,109
201669426,29196866498,2021-11-05 18:29:00,2021-11-09 18:06:00,95
201681523,29191273401,2021-05-09 12:26:00,2021-05-13 18:41:00,102
201690473,29191196999,2021-05-07 16:13:00,2021-05-09 15:54:00,47
201695592,29200493179,2022-01-18 20:03:00,2022-01-18 20:08:00,0
201696686,29203256017,2022-04-08 15:55:00,2022-04-10 02:19:00,34
201717197,29199687512,NA,NA,NA
201726984,29203541413,2022-04-14 15:12:00,2022-04-16 17:36:00,50
201727882,29213564802,2022-08-30 11:01:00,2022-08-31 15:40:00,28
201741027,29197683430,2021-11-10 12:42:00,2021-11-12 01:09:00,36
201745596,29205941932,2022-06-12 17:32:00,2022-06-14 13:52:00,44
201748617,29210421478,2022-08-04 03:40:00,2022-08-10 17:26:00,157
201752020,29192409823,NA,NA,NA
201753019,29195320086,NA,NA,NA
201763150,29185916035,2020-12-16 23:22:00,2020-12-17 05:43:00,6
201789323,29193791160,2021-08-03 07:41:00,2021-08-03 07:47:00,0
201789832,29188077677,2021-02-10 20:13:00,2021-02-11 21:41:00,25
201812939,29200442228,2022-01-16 17:46:00,2022-01-17 12:57:00,19
201816069,29204113661,2022-05-01 00:51:00,2022-05-03 10:36:00,57
201816979,29195817753,2021-09-18 01:25:00,2021-09-22 13:05:00,107
201816979,29201177929,2022-02-07 01:01:00,2022-02-07 18:13:00,17
201821285,29212096170,2022-08-13 21:40:00,2022-08-15 12:43:00,39
201824774,29205800320,2022-06-09 19:38:00,2022-06-10 16:36:00,20
201827138,29187009065,2021-01-19 20:42:00,2021-01-20 18:08:00,21
201835703,29207704692,2022-07-30 19:48:00,2022-08-01 12:24:00,40
201840470,29192979503,2021-06-28 22:43:00,2021-06-29 23:35:00,24
201844767,29204017266,NA,NA,NA
201845779,29205578779,2022-06-06 19:21:00,2022-06-14 18:07:00,190
201850914,29205851422,2022-06-21 14:45:00,2022-06-22 18:20:00,27
201851661,29190405500,2021-04-25 18:49:00,2021-04-28 05:37:00,58
201855468,29185134555,NA,NA,NA
201857184,29201276541,2022-02-21 15:54:00,2022-02-23 13:27:00,45
201858364,29197814596,2021-11-18 14:19:00,2021-11-19 18:30:00,28
201861782,29192833673,2021-06-25 15:36:00,2021-06-26 06:37:00,15
201863312,29201280210,2022-03-21 06:17:00,2022-03-25 15:07:00,104
201865045,29200048383,2022-01-08 08:26:00,2022-01-09 11:45:00,27
201865153,29190538286,2021-04-17 11:35:00,2021-04-19 18:22:00,54
201868601,29196698944,2022-01-15 01:00:00,2022-01-17 13:15:00,60
201869626,29199462981,2022-01-08 19:32:00,2022-01-18 15:35:00,236
201873672,29201993454,2022-04-21 20:12:00,2022-04-24 10:53:00,62
201874122,29189033159,NA,NA,NA
201881334,29196425668,2021-10-05 17:40:00,2021-10-06 14:25:00,20
201883474,29201937917,2022-02-28 11:49:00,2022-03-05 03:11:00,111
201894328,29190277989,2021-04-09 17:12:00,2021-04-11 20:36:00,51
201898431,29191146958,2021-05-17 20:39:00,2021-05-18 16:06:00,19
201901812,29199997826,2022-02-01 17:45:00,2022-02-05 01:21:00,79
201904981,29213579257,2022-08-26 17:29:00,2022-08-27 18:17:00,24
201906851,29196017278,2021-09-30 22:37:00,2021-10-04 15:23:00,88
201908958,29194487974,2021-08-15 14:37:00,2021-08-16 11:52:00,21
201916858,29185294815,NA,NA,NA
201922095,29201777329,2022-02-23 11:37:00,2022-02-24 17:11:00,29
201924014,29185924821,2020-12-20 04:31:00,2021-01-01 14:14:00,297
201927130,29185886178,2020-12-15 14:40:00,2020-12-16 13:44:00,23
201931824,29185348330,2021-01-17 11:51:00,2021-01-23 16:50:00,148
201940634,29201734470,2022-02-21 23:41:00,2022-02-22 17:13:00,17
201942076,29197430270,2021-11-04 00:08:00,2021-11-06 16:20:00,64
201942076,29200447847,2022-01-20 12:20:00,2022-01-23 16:53:00,76
201943316,29199786965,2022-01-03 15:45:00,2022-01-04 21:04:00,29
201947177,29198818359,2021-12-17 22:33:00,2021-12-25 15:02:00,184
201957279,29191167617,2021-05-07 08:38:00,2021-05-08 09:30:00,24
201958272,29187420917,2021-02-01 18:21:00,2021-02-09 14:27:00,188
201958495,29189271280,2021-03-26 16:15:00,2021-04-04 13:29:00,213
201959393,29205384920,2022-05-28 16:48:00,2022-05-29 12:00:00,19
201965480,29191032656,2021-05-02 14:50:00,2021-05-02 16:35:00,1
201976255,29193274888,NA,NA,NA
201976662,29202390692,2022-03-13 16:14:00,2022-03-25 13:17:00,285
201979086,29210103744,2022-08-02 18:33:00,2022-08-04 11:27:00,40
201984745,29191839263,2021-05-25 21:02:00,2021-05-27 14:33:00,41
201984766,29192755439,2021-07-03 09:41:00,2021-07-13 17:59:00,248
201995189,29189739959,2021-03-24 14:28:00,2021-03-30 23:15:00,152
201996637,29192803191,2021-06-24 01:51:00,2021-06-24 17:36:00,15
201998631,29198410797,2021-12-05 13:23:00,2021-12-09 18:42:00,101
202022503,29198608076,2021-12-19 18:56:00,2021-12-30 20:07:00,265
202025108,29193608314,2021-07-24 15:03:00,2021-07-28 14:11:00,95
202026174,29192225687,2021-06-17 14:52:00,2021-06-17 19:29:00,4
202026724,29200779219,2022-01-30 14:02:00,2022-01-30 14:04:00,0
202028941,29194386410,2021-08-09 17:39:00,2021-08-11 15:01:00,45
202032904,29192932769,2021-06-30 05:10:00,2021-06-30 22:59:00,17
202038048,29198277799,2021-11-28 16:02:00,2021-12-01 11:47:00,67
202041052,29193899814,2021-08-08 11:56:00,2021-08-16 23:18:00,203
202041103,29193044801,2021-07-02 11:00:00,2021-07-05 19:43:00,80
202042412,29204501540,2022-05-16 14:45:00,2022-05-17 06:22:00,15
202045696,29193994947,NA,NA,NA
202050721,29197377782,NA,NA,NA
202056081,29203746529,2022-04-19 09:39:00,2022-04-20 16:15:00,30
202058673,29193713507,2021-08-10 19:41:00,2021-08-12 13:07:00,41
202070618,29213882776,2022-08-31 14:15:00,2022-09-01 05:06:00,14
202072655,29186999477,2021-01-19 06:58:00,2021-01-22 10:43:00,75
202080816,29186745417,2021-02-07 09:14:00,2021-02-13 04:04:00,138
202081435,29191982130,2021-05-30 19:25:00,2021-06-01 17:36:00,46
202088226,29193138235,2021-07-06 17:43:00,2021-07-07 11:59:00,18
202090724,29207559497,2022-08-02 13:07:00,2022-08-13 14:17:00,265
202093109,29194756839,2021-08-29 11:08:00,2021-09-15 04:25:00,401
202096569,29198683599,2021-12-26 12:24:00,2021-12-28 01:16:00,36
202098543,29205031002,2022-06-08 18:47:00,2022-06-12 19:08:00,96
202109900,29197293447,2021-10-31 02:43:00,2021-11-02 06:12:00,51
202115120,29185784262,2021-01-05 15:21:00,2021-01-09 20:09:00,100
202115422,29190966731,NA,NA,NA
202116951,29188786493,2021-03-15 20:25:00,2021-03-17 10:10:00,37
202124010,29204274734,2022-05-05 23:41:00,2022-05-06 12:56:00,13
202129326,29190850875,2021-05-04 17:23:00,2021-05-05 18:32:00,25
202130198,29207114140,2022-07-15 18:45:00,2022-07-16 16:52:00,22
202130247,29199731101,2021-12-28 19:04:00,2022-01-01 21:29:00,98
202132896,29200939982,2022-01-31 14:49:00,2022-02-01 13:50:00,23
202134240,29200134521,2022-01-08 20:24:00,2022-01-12 08:21:00,83
202137980,29197643166,2021-11-10 02:55:00,2021-11-10 18:10:00,15
202141859,29194703691,2021-08-19 16:18:00,2021-08-20 09:31:00,17
202143357,29196013536,2021-09-23 10:52:00,2021-09-25 15:19:00,52
202147713,29191026375,2021-05-02 15:30:00,2021-05-04 13:25:00,45
202147800,29189879822,2021-04-04 22:15:00,2021-04-08 16:58:00,90
202151052,29189510627,NA,NA,NA
202152217,29192107808,2021-06-08 19:02:00,2021-06-13 15:18:00,116
202155572,29190037802,2021-04-03 12:32:00,2021-04-26 11:09:00,550
202160695,29188010087,2021-03-21 12:52:00,2021-03-26 14:14:00,121
202160695,29204817086,2022-05-17 15:58:00,2022-05-22 13:24:00,117
202162961,29203880230,2022-05-11 15:41:00,2022-05-12 11:40:00,19
202163664,29195332694,2021-09-11 13:10:00,2021-10-01 13:31:00,480
202163664,29197170722,2021-10-26 01:07:00,2021-10-30 15:14:00,110
202164782,29195808933,2021-09-18 14:53:00,2021-09-20 12:50:00,45
202169293,29188407089,2021-03-06 17:21:00,2021-03-08 13:01:00,43
202170931,29204961973,2022-05-28 14:11:00,2022-05-28 21:05:00,6
202178653,29212091846,2022-08-13 17:08:00,2022-08-15 12:17:00,43
202180258,29196629820,2021-10-10 01:34:00,2021-10-10 17:10:00,15
202182048,29187708444,2021-02-20 17:48:00,2021-02-27 14:11:00,164
202182748,29197900425,2022-03-17 13:27:00,2022-04-01 18:36:00,365
202183555,29202926524,2022-03-28 11:25:00,2022-05-06 21:27:00,946
202184835,29186817961,2021-01-23 18:46:00,2021-01-30 14:48:00,164
202184835,29187865185,NA,NA,NA
202187179,29186600933,2021-01-09 16:42:00,2021-01-24 11:52:00,355
202192084,29189985521,2021-03-31 11:57:00,2021-04-01 14:19:00,26
202192808,29193220087,2021-07-26 14:50:00,2021-07-27 16:40:00,25
202196276,29196259717,2021-09-30 10:59:00,2021-09-30 21:46:00,10
202199047,29188825560,2021-03-06 00:48:00,2021-03-08 13:25:00,60
202201784,29189747701,2021-03-25 18:40:00,2021-03-27 09:35:00,38
202202081,29188235259,2021-02-15 11:35:00,2021-02-16 13:50:00,26
202205067,29193566359,2021-07-18 00:50:00,2021-07-27 15:55:00,231
202207175,29206047788,2022-06-16 01:37:00,2022-06-18 21:18:00,67
202207811,29197779794,2021-11-13 18:34:00,2021-11-18 11:10:00,112
202210300,29193274706,2021-07-10 14:56:00,2021-07-12 15:27:00,48
202217418,29198851463,2021-12-15 15:57:00,2021-12-19 16:27:00,96
202218392,29202263255,2022-04-20 13:22:00,2022-05-15 23:53:00,610
202219689,29190272001,2021-04-10 12:43:00,2021-04-10 12:44:00,0
202219916,29185251943,2020-12-05 00:21:00,2020-12-21 11:41:00,395
202220197,29194729865,2021-08-24 22:12:00,2021-08-25 05:49:00,7
202221004,29189148129,2021-03-11 00:51:00,2021-03-14 12:47:00,83
202222709,29196044800,2021-10-03 09:15:00,2021-10-03 19:46:00,10
202224178,29190437220,2021-04-13 19:44:00,2021-04-16 13:38:00,65
202224647,29197972961,2021-11-20 17:10:00,2021-11-26 16:28:00,143
202224647,29202869335,2022-03-26 23:32:00,2022-03-27 11:11:00,11
202226570,29203354156,2022-04-26 09:37:00,2022-04-26 14:40:00,5
202227137,29196015671,2021-09-23 15:58:00,2021-09-24 14:47:00,22
202233034,29205368514,2022-06-02 23:22:00,2022-06-05 14:30:00,63
202233214,29198321994,2021-12-03 16:24:00,2021-12-05 15:08:00,46
202233214,29199889925,2022-01-09 14:24:00,2022-01-10 20:09:00,29
202233256,29191865494,2021-05-28 13:07:00,2021-05-31 17:11:00,76
202233683,29191640822,2021-05-19 00:19:00,2021-05-21 17:49:00,65
202234894,29194609483,2021-08-22 09:22:00,2021-08-28 18:51:00,153
202237644,29198779497,2021-12-13 14:51:00,2021-12-20 23:59:00,177
202240925,29188616277,2021-02-27 14:05:00,2021-03-01 18:48:00,52
202241972,29190968359,2021-05-01 02:44:00,2021-05-01 07:39:00,4
202243122,29186127416,2021-01-10 20:03:00,2021-01-11 21:36:00,25
202243810,29190454554,2021-04-16 12:18:00,2021-04-21 16:36:00,124
202245230,29186594609,2021-01-14 13:56:00,2021-01-22 12:06:00,190
202245398,29196724213,2021-10-18 17:13:00,2021-10-21 12:05:00,66
202245931,29203574311,2022-04-17 11:59:00,2022-04-18 14:58:00,26
202247554,29188389657,2021-02-20 13:56:00,2021-02-21 13:57:00,24
202248085,29191365779,2021-05-13 06:22:00,2021-05-17 16:05:00,105
202249882,29188813462,2021-03-04 09:38:00,2021-03-05 11:08:00,25
202257596,29189997436,2021-04-02 03:40:00,2021-04-03 10:41:00,31
202257596,29192039706,2021-06-01 01:12:00,2021-06-01 18:20:00,17
202258147,29197015876,2021-10-20 00:26:00,2021-10-24 12:14:00,107
202260516,29190712451,2021-05-08 17:15:00,2021-05-15 08:02:00,158
202261295,29185901006,2020-12-18 12:53:00,2020-12-21 15:14:00,74
202263273,29197379492,2021-12-07 09:00:00,2021-12-08 17:36:00,32
202265001,29197178637,2021-11-04 16:12:00,2021-11-04 17:40:00,1
202265492,29203552780,2022-04-15 11:08:00,2022-04-20 19:52:00,128
202265860,29207578225,2022-07-27 00:48:00,2022-07-30 11:45:00,82
202266645,29205067887,NA,NA,NA
202266888,29200443950,2022-01-21 15:06:00,2022-01-23 08:47:00,41
202267916,29190597726,NA,NA,NA
202268663,29192529885,NA,NA,NA
202270558,29184899125,NA,NA,NA
202271446,29186710665,2021-01-16 16:08:00,2021-01-29 11:39:00,307
202272158,29192027280,2021-06-05 08:09:00,2021-06-07 15:03:00,54
202273586,29185076704,NA,NA,NA
202275221,29185214964,2020-12-02 12:28:00,2020-12-19 05:58:00,401
202275657,29185252363,NA,NA,NA
202275810,29186487446,2021-01-12 15:23:00,2021-01-15 19:11:00,75
202276212,29185296951,NA,NA,NA
202276426,29188666277,2021-02-28 08:36:00,2021-03-03 13:49:00,77
202277289,29185387427,2020-12-08 18:09:00,2021-01-05 12:19:00,666
202278006,29185448971,NA,NA,NA
202278317,29185466329,2020-12-03 16:04:00,2020-12-04 21:11:00,29
202278850,29185514848,2020-12-09 20:23:00,2020-12-16 23:18:00,170
202279058,29185531511,2020-12-19 20:09:00,2020-12-28 16:24:00,212
202279851,29185708825,2020-12-11 15:42:00,2020-12-29 14:44:00,431
202280414,29185654257,2020-12-11 02:05:00,2020-12-12 11:39:00,33
202282447,29185947026,2021-01-05 16:16:00,2021-01-07 16:53:00,48
202282447,29187824366,2021-02-20 12:09:00,2021-02-20 18:00:00,5
202282635,29186753202,2021-01-23 13:15:00,2021-02-14 02:10:00,516
202283045,29201398865,NA,NA,NA
202284260,29185970101,2020-12-21 16:58:00,2021-01-05 17:37:00,360
202284967,29186623206,2021-01-11 12:24:00,2021-01-19 15:30:00,195
202285172,29186038767,2020-12-21 11:38:00,2020-12-29 16:40:00,197
202287125,29186382226,NA,NA,NA
202287337,29186251091,2021-01-05 14:43:00,2021-01-08 15:41:00,72
202288049,29186315392,2021-01-01 08:17:00,2021-01-05 23:07:00,110
202288050,29189498944,2021-03-19 15:09:00,2021-03-19 15:10:00,0
202288439,29186363204,2021-01-05 15:26:00,2021-01-19 18:36:00,339
202290216,29187842576,2021-02-05 09:50:00,2021-02-07 13:19:00,51
202290922,29186592102,2021-01-10 15:48:00,2021-01-10 16:14:00,0
202290937,29186593306,NA,NA,NA
202291433,29186635883,2021-01-10 12:32:00,2021-01-11 13:23:00,24
202292931,29186771768,2021-02-13 07:51:00,2021-02-19 14:05:00,150
202293788,29189744422,2021-03-25 13:15:00,2021-03-26 17:57:00,28
202293793,29192804619,2021-06-27 16:15:00,2021-06-28 19:16:00,27
202293812,29188791725,2021-04-04 17:35:00,2021-04-05 13:47:00,20
202293812,29190637058,2021-04-19 14:30:00,2021-04-21 18:41:00,52
202294416,29187258594,2021-01-31 01:27:00,2021-01-31 21:40:00,20
202295017,29187234068,2021-02-04 17:38:00,2021-03-02 02:02:00,608
202298586,29187381439,NA,NA,NA
202298734,29187398393,2021-01-28 16:09:00,2021-01-29 16:56:00,24
202299053,29187467893,2021-01-30 18:14:00,2021-02-08 16:42:00,214
202299338,29187752240,2021-02-02 06:12:00,2021-02-02 09:08:00,2
202299823,29187589596,2021-01-31 04:09:00,2021-01-31 19:09:00,15
202300114,29189838246,2021-03-28 11:56:00,2021-03-29 13:27:00,25
202300553,29203012088,2022-03-31 22:47:00,2022-04-04 19:51:00,93
202301065,29187803793,2021-02-02 22:49:00,2021-02-04 09:01:00,34
202301178,29187818723,2021-02-08 12:54:00,2021-02-22 12:22:00,335
202301458,29189278607,2021-03-13 18:07:00,2021-03-15 19:22:00,49
202302484,29187937472,2021-02-09 11:54:00,2021-02-14 08:25:00,116
202302736,29187963734,2021-02-09 18:46:00,2021-02-12 13:55:00,67
202302781,29187967088,2021-02-19 18:04:00,2021-02-21 10:33:00,40
202302939,29187982853,2021-02-08 20:47:00,2021-02-09 09:35:00,12
202304900,29188165447,2021-02-16 21:29:00,2021-02-17 13:37:00,16
202304908,29188083923,NA,NA,NA
202306672,29188228903,2021-02-21 16:45:00,2021-02-25 13:45:00,93
202306778,29188239313,2021-02-15 12:09:00,2021-02-16 20:07:00,31
202306781,29189401537,2021-03-15 13:17:00,2021-03-17 15:44:00,50
202307590,29194630136,2021-08-21 17:50:00,2021-08-27 21:19:00,147
202307749,29188328498,2021-02-18 13:05:00,2021-02-20 12:00:00,46
202308388,29201625740,2022-03-08 17:34:00,2022-03-22 13:55:00,332
202308442,29188379792,2021-02-19 19:51:00,2021-02-20 13:22:00,17
202308895,29212002903,2022-08-16 13:27:00,2022-08-17 12:29:00,23
202310609,29188561076,2021-02-24 05:01:00,2021-02-25 19:17:00,38
202311179,29189285784,2021-03-15 18:49:00,2021-03-20 07:54:00,109
202311296,29188609757,2021-02-27 17:03:00,2021-03-01 18:56:00,49
202311759,29189228047,2021-03-13 18:09:00,2021-03-14 10:17:00,16
202313313,29196105306,2021-09-25 20:03:00,2021-09-28 15:52:00,67
202313780,29192218445,NA,NA,NA
202314782,29188974400,NA,NA,NA
202314786,29188976467,NA,NA,NA
202316076,29189092874,NA,NA,NA
202318565,29192950224,2021-06-27 20:14:00,2021-07-01 04:43:00,80
202319220,29189481960,NA,NA,NA
202319310,29189489439,2021-03-17 12:10:00,2021-03-18 15:35:00,27
202320851,29194744461,2021-08-23 19:23:00,2021-08-27 16:50:00,93
202321549,29189685530,2021-03-22 22:15:00,2021-03-25 14:37:00,64
202322123,29189729053,2021-03-23 18:27:00,2021-03-24 11:18:00,16
202322328,29194207917,2021-08-03 11:48:00,2021-08-09 19:18:00,151
202323827,29189823851,NA,NA,NA
202324033,29191068207,2021-05-10 17:58:00,2021-05-11 18:40:00,24
202324431,29204726990,2022-06-26 12:51:00,2022-07-07 04:35:00,255
202324969,29189897519,2021-03-29 18:08:00,2021-03-31 18:07:00,47
202325108,29199855498,2022-01-01 01:42:00,2022-01-01 17:01:00,15
202326174,29189983395,2021-04-05 01:56:00,2021-04-05 10:23:00,8
202326856,29199599759,2021-12-26 11:55:00,2022-01-04 11:02:00,215
202326856,29205001374,2022-05-23 09:57:00,2022-05-29 15:04:00,149
202327218,29190421307,2021-04-18 16:07:00,2021-04-22 15:01:00,94
202329089,29201457385,2022-02-15 17:30:00,2022-02-16 10:31:00,17
202330050,29190248352,2021-04-09 09:56:00,2021-04-10 12:44:00,26
202330317,29190272921,2021-04-12 20:48:00,2021-04-15 15:50:00,67
202330317,29191883677,2021-05-27 00:39:00,2021-06-17 16:29:00,519
202330970,29196803986,2021-10-16 08:32:00,2021-10-19 07:17:00,70
202331696,29190460819,2021-04-26 11:32:00,2021-04-29 09:32:00,70
202331730,29190388689,NA,NA,NA
202332738,29190451614,2021-04-13 13:31:00,2021-04-13 18:25:00,4
202334971,29190610261,2021-04-18 15:21:00,2021-04-19 14:53:00,23
202335363,29190647410,2021-04-19 17:13:00,2021-04-20 09:55:00,16
202335644,29190680066,2021-05-02 14:50:00,2021-05-03 11:00:00,20
202335685,29190675500,2021-04-22 19:45:00,2021-04-26 10:08:00,86
202335700,29190674620,2021-04-19 23:57:00,2021-04-23 12:17:00,84
202336247,29190718894,NA,NA,NA
202336797,29197429607,NA,NA,NA
202337406,29190812936,2021-04-24 19:14:00,2021-05-07 16:10:00,308
202338019,29190867730,NA,NA,NA
202338325,29190895970,2021-07-06 10:59:00,2021-07-17 16:29:00,269
202338431,29197166473,2021-10-26 10:35:00,2021-10-27 11:02:00,24
202339291,29191461576,NA,NA,NA
202339389,29190966116,2021-04-30 01:40:00,2021-05-01 21:09:00,43
202341813,29191172022,2021-05-06 23:45:00,2021-05-14 14:58:00,183
202342280,29192405607,NA,NA,NA
202342280,29197520305,NA,NA,NA
202342280,29199788588,2022-01-11 13:16:00,2022-02-27 03:12:00,1117
202342801,29191266705,NA,NA,NA
202342821,29191267848,2021-05-24 14:34:00,2021-05-27 21:22:00,78
202343383,29191313627,2021-05-15 16:25:00,2021-05-17 18:39:00,50
202344699,29191413243,2021-05-19 12:42:00,2021-05-27 08:51:00,188
202344745,29191415008,2021-05-13 21:30:00,2021-05-14 19:05:00,21
202345338,29191466425,2021-05-15 09:33:00,2021-05-17 08:39:00,47
202346566,29191575917,NA,NA,NA
202346751,29191599465,2021-06-05 20:37:00,2021-06-12 14:19:00,161
202346836,29191600834,2021-05-17 23:32:00,2021-05-22 14:45:00,111
202347807,29191685370,2021-05-21 18:53:00,2021-06-03 09:58:00,303
202350052,29191871521,NA,NA,NA
202350052,29192311797,NA,NA,NA
202350254,29191880623,2021-05-26 13:26:00,2021-06-01 14:00:00,144
202350268,29191881109,2021-05-26 15:55:00,2021-05-28 12:36:00,44
202350694,29191910812,2021-06-14 21:51:00,2021-06-20 11:13:00,133
202350702,29191911125,2021-06-04 13:28:00,2021-06-06 12:09:00,46
202351048,29196764587,2021-10-13 02:23:00,2021-10-13 18:01:00,15
202352877,29192093455,2021-06-01 14:01:00,2021-06-02 12:33:00,22
202352911,29197321879,2021-11-15 17:10:00,2021-11-16 08:09:00,14
202352959,29192100354,NA,NA,NA
202354230,29192183689,2021-06-06 02:20:00,2021-06-07 17:20:00,39
202354323,29192192256,2021-06-06 17:14:00,2021-06-11 15:27:00,118
202355026,29195458937,2021-09-14 15:35:00,2021-09-14 17:10:00,1
202355855,29192301700,NA,NA,NA
202356026,29192315352,NA,NA,NA
202356197,29192322746,2021-06-09 20:31:00,2021-06-15 14:06:00,137
202357042,29192384002,NA,NA,NA
202357265,29192405288,NA,NA,NA
202358267,29192475821,2021-06-16 22:15:00,2021-06-25 13:14:00,206
202358403,29192489153,2021-06-22 18:50:00,2021-06-26 21:36:00,98
202358581,29192504619,2021-06-14 18:26:00,2021-06-16 18:05:00,47
202359936,29192598836,2021-06-18 14:52:00,2021-06-19 08:54:00,18
202360779,29192666770,2021-07-14 16:41:00,2021-07-17 18:11:00,73
202361131,29192695441,2021-07-15 15:51:00,2021-07-24 14:50:00,214
202361192,29195001285,2021-11-06 17:14:00,2021-11-25 21:51:00,460
202361534,29195063524,2021-08-28 03:16:00,2021-08-28 17:03:00,13
202362676,29192808291,2021-07-19 06:09:00,2021-07-30 13:55:00,271
202363122,29192897362,2021-06-26 23:12:00,2021-06-29 12:07:00,60
202363482,29192880138,2021-07-03 15:14:00,2021-07-04 13:43:00,22
202364298,29204435682,2022-05-08 16:45:00,2022-05-20 07:31:00,278
202364742,29192992387,2021-07-10 16:57:00,2021-07-14 14:36:00,93
202365021,29193017455,2021-06-29 16:48:00,2021-06-30 11:21:00,18
202365553,29193756662,2021-07-25 01:22:00,2021-08-02 13:36:00,204
202367367,29193613618,2021-07-23 15:01:00,2021-07-25 15:57:00,48
202367804,29193253387,2021-07-17 22:16:00,2021-07-24 16:08:00,161
202368002,29193266023,2021-07-07 08:53:00,2021-07-07 18:23:00,9
202368387,29193285992,2021-07-09 03:20:00,2021-07-09 16:31:00,13
202368446,29193292085,2021-07-09 13:35:00,2021-07-09 16:13:00,2
202368681,29193310504,2021-07-10 10:46:00,2021-07-12 10:13:00,47
202369087,29194755539,2021-08-24 23:54:00,2021-08-26 17:17:00,41
202369161,29203827767,2022-05-17 15:42:00,2022-05-23 07:17:00,135
202369248,29196885548,2021-10-26 21:21:00,2021-10-27 18:03:00,20
202370771,29194507703,2021-08-17 18:00:00,2021-08-18 16:45:00,22
202371645,29195273048,2021-09-03 14:43:00,2021-09-04 18:06:00,27
202372322,29194353201,2021-08-10 12:20:00,2021-08-13 10:18:00,69
202372574,29194533028,2021-08-27 19:22:00,2021-08-31 18:11:00,94
202373878,29196256696,NA,NA,NA
202374435,29193747246,2021-07-21 10:24:00,2021-07-23 23:38:00,61
202374720,29193760215,2021-07-22 19:32:00,2021-07-23 13:58:00,18
202375232,29193807470,NA,NA,NA
202375232,29194509807,2021-08-15 13:59:00,2021-08-17 11:35:00,45
202375276,29200996667,NA,NA,NA
202376157,29193877590,NA,NA,NA
202376364,29194148695,2021-10-24 07:21:00,2021-10-26 18:31:00,59
202376464,29193904862,2021-07-28 05:16:00,2021-07-28 08:28:00,3
202376826,29194119912,2021-08-01 14:34:00,2021-08-03 19:11:00,52
202377006,29193948903,2021-08-07 03:23:00,2021-08-07 18:41:00,15
202377406,29193981989,2021-07-30 17:07:00,2021-08-01 12:26:00,43
202377969,29195605434,2021-09-22 04:53:00,2021-09-22 13:36:00,8
202380013,29194696480,NA,NA,NA
202380125,29194183594,2021-08-08 22:02:00,2021-08-22 10:06:00,324
202380396,29194196248,2021-08-07 21:55:00,2021-08-15 16:51:00,186
202381837,29194254195,2021-08-06 14:17:00,2021-08-07 23:00:00,32
202382307,29194278496,2021-09-01 22:37:00,2021-09-24 19:12:00,548
202382575,29194298687,2021-08-14 23:42:00,2021-08-16 08:19:00,32
202382620,29200525531,2022-01-18 23:10:00,2022-01-22 10:06:00,82
202382734,29194308253,2021-08-13 19:20:00,2021-08-15 16:22:00,45
202383515,29194357187,2021-08-10 06:51:00,2021-08-15 14:52:00,128
202384630,29194446207,2021-08-11 01:07:00,2021-08-13 15:15:00,62
202386348,29203949836,2022-04-25 02:51:00,2022-04-26 06:30:00,27
202386531,29194602559,2021-08-19 05:25:00,2021-09-08 16:28:00,491
202387279,29194665124,NA,NA,NA
202387373,29195917058,2021-09-20 20:19:00,2021-09-21 13:16:00,16
202389927,29194938290,2021-08-23 22:35:00,2021-08-24 19:50:00,21
202390928,29195017452,NA,NA,NA
202391103,29195039149,NA,NA,NA
202391522,29195730014,2021-09-19 03:44:00,2021-09-22 23:00:00,91
202392701,29195186411,2021-09-05 15:51:00,2021-09-06 22:53:00,31
202393406,29195248217,NA,NA,NA
202393754,29207220053,2022-07-17 21:43:00,2022-07-19 14:39:00,40
202393859,29196582830,2021-10-09 09:00:00,2021-10-13 12:40:00,99
202393934,29195280494,2021-09-03 22:22:00,2021-09-06 14:50:00,64
202394239,29199598358,2021-12-29 15:08:00,2022-01-02 14:33:00,95
202395405,29196627869,2021-10-24 14:14:00,2021-10-27 17:00:00,74
202396631,29195669900,NA,NA,NA
202397548,29195917001,2021-10-02 12:43:00,2021-10-05 17:35:00,76
202397715,29195607515,2021-09-13 11:22:00,2021-09-14 09:31:00,22
202398506,29195675985,2021-09-18 01:06:00,2021-09-19 01:39:00,24
202398724,29195698859,2021-09-30 20:36:00,2021-10-03 23:10:00,74
202399147,29195738739,2021-09-16 13:32:00,2021-09-27 14:24:00,264
202399553,29195766861,2021-09-15 20:58:00,2021-09-16 16:04:00,19
202401476,29198325293,2021-11-29 14:38:00,2021-11-30 20:04:00,29
202402310,29196010449,2021-09-28 14:12:00,2021-09-29 13:01:00,22
202402363,29196012440,2021-09-23 06:03:00,2021-10-02 16:04:00,226
202403120,29196074920,2021-09-28 18:37:00,2021-10-03 11:14:00,112
202403993,29196149643,2021-10-09 15:49:00,2021-10-10 15:48:00,23
202404179,29197025946,2021-10-21 10:44:00,2021-10-22 10:11:00,23
202404379,29197200907,2021-10-30 11:44:00,2021-10-31 12:41:00,24
202404713,29200248743,2022-01-11 06:05:00,2022-01-14 15:25:00,81
202405169,29196252003,2021-09-28 23:26:00,2021-09-30 16:16:00,40
202409228,29196595613,2021-10-16 16:14:00,2021-10-29 13:40:00,309
202409747,29196674785,2021-10-12 06:51:00,2021-10-12 18:35:00,11
202410799,29196742570,NA,NA,NA
202411058,29196750656,NA,NA,NA
202411381,29196771471,2021-10-17 15:10:00,2021-10-29 19:41:00,292
202411867,29197164634,2021-10-24 19:31:00,2021-10-26 02:06:00,30
202411888,29196814408,2021-10-18 14:41:00,2021-10-24 15:17:00,144
202413217,29199787550,2021-12-31 20:10:00,2022-01-03 13:11:00,65
202413577,29196972848,2021-10-18 23:11:00,2021-10-22 16:47:00,89
202414386,29197031092,2021-10-21 23:04:00,2021-10-22 17:20:00,18
202414500,29197043228,2021-10-27 17:22:00,2021-11-06 08:08:00,230
202414688,29204428955,2022-05-09 16:01:00,2022-05-11 15:52:00,47
202415346,29197106942,2021-10-23 14:01:00,2021-10-25 15:34:00,49
202416226,29197178942,2021-10-28 08:31:00,2021-10-29 13:00:00,28
202416324,29197183120,2021-10-27 13:44:00,2021-10-30 13:05:00,71
202419809,29197468721,NA,NA,NA
202420201,29197499480,2021-11-06 14:57:00,2021-11-07 14:08:00,23
202420201,29197687256,2021-11-11 04:08:00,2021-11-11 21:22:00,17
202420228,29197569781,2021-11-10 20:59:00,2021-11-13 09:59:00,61
202421191,29197595143,2021-11-12 20:56:00,2021-11-20 17:43:00,188
202421717,29197648496,2021-11-13 18:53:00,2021-11-15 21:29:00,50
202422046,29197677466,2021-11-09 20:40:00,2021-11-10 10:59:00,14
202422358,29197693297,2021-11-11 23:49:00,2021-11-13 14:48:00,38
202422786,29197739087,NA,NA,NA
202423257,29197787290,2021-11-23 10:52:00,2021-11-24 13:31:00,26
202423536,29197814135,2021-11-14 16:45:00,2021-12-04 20:52:00,484
202423754,29197835942,2021-11-15 06:41:00,2021-11-15 07:52:00,1
202423791,29197840425,2021-11-16 00:11:00,2021-11-20 18:22:00,114
202423843,29205017385,2022-05-24 10:45:00,2022-05-26 14:52:00,52
202423858,29197848881,2021-11-20 20:40:00,2021-11-21 12:10:00,15
202424779,29197924374,2021-11-27 22:02:00,2021-12-04 16:45:00,162
202424963,29197934340,2021-11-26 10:56:00,2021-11-27 07:49:00,20
202425297,29197970879,2021-11-19 17:42:00,2021-11-20 10:50:00,17
202425313,29205682584,2022-06-25 16:50:00,2022-06-26 11:16:00,18
202425313,29213230281,2022-08-21 17:29:00,2022-08-21 17:47:00,0
202426588,29198162437,NA,NA,NA
202426964,29198185687,2021-11-25 06:34:00,2021-11-26 12:16:00,29
202427174,29198199506,2021-11-28 14:16:00,2021-11-29 20:12:00,29
202427491,29198226668,2021-11-26 19:28:00,2021-11-27 08:08:00,12
202429141,29198365861,2021-12-01 19:06:00,2021-12-02 22:00:00,26
202429934,29198425950,2021-12-08 22:36:00,2021-12-13 22:48:00,120
202430177,29198717092,NA,NA,NA
202430818,29202012844,2022-03-29 19:34:00,2022-04-03 22:57:00,123
202431497,29200168111,2022-01-16 18:11:00,2022-01-18 14:35:00,44
202431579,29198561984,2021-12-16 18:13:00,2021-12-26 11:39:00,233
202432438,29198632253,2021-12-10 13:11:00,2021-12-11 03:35:00,14
202432909,29198669562,2021-12-11 05:20:00,2021-12-11 16:42:00,11
202433517,29198726014,2021-12-15 13:12:00,2021-12-16 18:04:00,28
202434081,29199837297,2022-01-08 12:33:00,2022-01-09 17:19:00,28
202434384,29198801205,2021-12-22 14:33:00,2021-12-22 22:36:00,8
202434960,29198848206,2021-12-26 18:28:00,2021-12-27 18:02:00,23
202435038,29198851228,2021-12-15 18:28:00,2021-12-16 00:14:00,5
202486100,29207426552,2022-07-29 15:47:00,2022-07-30 10:24:00,18
202620286,29213886888,NA,NA,NA
202762376,29201153746,NA,NA,NA
202902456,29199323675,2021-12-16 11:32:00,2021-12-16 14:27:00,2
202902878,29199352581,2021-12-18 16:46:00,2021-12-20 16:21:00,47
202903957,29199432584,NA,NA,NA
202903957,29205637334,2022-06-04 19:07:00,2022-06-06 09:02:00,37
202905348,29211697634,2022-08-08 20:23:00,2022-08-10 20:17:00,47
202905502,29199552717,2021-12-23 23:43:00,2021-12-24 21:34:00,21
202906095,29199601136,2021-12-24 21:14:00,2021-12-26 12:49:00,39
202906976,29199678113,2021-12-26 16:57:00,2021-12-29 18:17:00,73
202908556,29199824122,2022-01-08 16:48:00,2022-01-11 14:30:00,69
202908848,29204910645,2022-05-21 12:00:00,2022-06-04 19:53:00,343
202909040,29199854487,2022-01-20 19:23:00,2022-01-25 15:07:00,115
202909574,29199901374,2022-01-01 19:54:00,2022-01-11 16:56:00,237
202909639,29199907060,2022-01-02 16:26:00,2022-01-03 17:57:00,25
202910982,29202645616,2022-03-25 14:52:00,2022-03-26 12:38:00,21
202911037,29200036486,2022-01-09 19:52:00,2022-01-18 06:49:00,202
202911152,29200043560,2022-01-05 14:53:00,2022-01-07 22:50:00,55
202911260,29200048657,2022-01-06 14:25:00,2022-01-07 04:48:00,14
202911342,29200052950,2022-01-07 00:35:00,2022-01-15 18:13:00,209
202913611,29200247046,2022-02-13 11:29:00,2022-02-15 01:28:00,37
202914168,29200291586,NA,NA,NA
202916551,29200501514,2022-01-24 00:12:00,2022-02-26 14:13:00,806
202916551,29202527662,2022-03-18 12:44:00,2022-03-19 13:08:00,24
202917625,29200591365,NA,NA,NA
202917882,29200616310,2022-01-28 15:39:00,2022-02-01 23:37:00,103
202918108,29200635975,2022-01-22 22:29:00,2022-01-23 18:16:00,19
202918127,29200639182,2022-01-23 00:03:00,2022-01-23 18:27:00,18
202918317,29201454194,2022-02-20 23:07:00,2022-02-21 10:48:00,11
202918565,29202246110,2022-03-31 13:05:00,2022-04-09 14:06:00,217
202919307,29200732829,2022-01-24 22:59:00,2022-01-25 16:50:00,17
202919697,29204485216,2022-05-20 17:13:00,2022-05-28 14:06:00,188
202919957,29200780956,2022-01-26 15:14:00,2022-02-05 01:06:00,225
202921040,29200873980,NA,NA,NA
202921520,29200921305,2022-02-18 13:45:00,2022-03-04 18:53:00,341
202922530,29201014425,2022-02-04 17:01:00,2022-02-06 11:40:00,42
202923921,29201467480,NA,NA,NA
202924563,29203636985,2022-05-11 06:34:00,2022-05-11 11:00:00,4
202924734,29201200034,2022-02-07 13:12:00,2022-02-12 13:58:00,120
202925112,29201233348,2022-02-07 21:36:00,2022-02-08 11:49:00,14
202925806,29201284968,2022-02-10 06:05:00,2022-02-15 12:22:00,126
202928567,29201535515,2022-02-17 11:42:00,2022-02-25 20:32:00,200
202930068,29201674262,NA,NA,NA
202930256,29201690982,2022-02-21 12:29:00,2022-02-23 10:04:00,45
202931267,29201779423,2022-02-23 15:31:00,2022-02-24 10:44:00,19
202931322,29201781829,2022-02-24 20:06:00,2022-02-27 09:13:00,61
202931396,29201785272,2022-02-28 11:37:00,2022-03-01 14:28:00,26
202931802,29201820984,2022-03-10 23:37:00,2022-03-21 11:32:00,251
202932544,29201888413,2022-02-27 10:10:00,2022-02-28 11:32:00,25
202933354,29201964525,2022-03-02 15:16:00,2022-03-09 19:09:00,171
202933423,29202456510,2022-03-20 18:20:00,2022-03-21 15:49:00,21
202935045,29202108002,2022-03-10 15:07:00,2022-03-12 21:16:00,54
202935267,29202130620,2022-03-13 22:24:00,2022-03-15 12:38:00,38
202936935,29202270092,2022-03-09 12:50:00,2022-03-10 12:35:00,23
202937121,29202279225,2022-03-10 20:42:00,2022-03-14 04:12:00,79
202938710,29202421268,2022-03-13 23:54:00,2022-03-14 17:37:00,17
202941165,29202645309,2022-03-20 22:20:00,2022-03-29 10:29:00,204
202942243,29202753282,2022-04-04 00:43:00,2022-04-06 19:16:00,66
202942438,29202757848,NA,NA,NA
202942438,29203014153,2022-04-01 20:07:00,2022-04-06 00:28:00,100
202942692,29202770195,2022-03-25 09:53:00,2022-03-26 18:35:00,32
202943497,29203586412,2022-04-15 22:42:00,2022-04-16 12:49:00,14
202943668,29202861124,2022-03-26 18:37:00,2022-03-30 10:18:00,87
202943729,29202866409,NA,NA,NA
202943732,29202866532,2022-03-26 21:45:00,2022-03-27 03:16:00,5
202945417,29203012900,2022-03-30 20:58:00,2022-03-31 21:24:00,24
202945640,29205545858,2022-07-02 12:09:00,2022-07-02 14:41:00,2
202947672,29203211592,NA,NA,NA
202947696,29203213858,2022-04-12 18:25:00,2022-04-15 12:50:00,66
202947975,29204724756,2022-07-24 22:58:00,2022-08-02 19:10:00,212
202948508,29203271337,2022-04-07 23:26:00,2022-04-08 20:47:00,21
202949323,29203348929,NA,NA,NA
202949593,29203372381,2022-04-10 00:19:00,2022-04-10 11:02:00,10
202951043,29203534390,2022-04-18 05:58:00,2022-04-20 21:22:00,63
202951861,29203601599,2022-04-24 16:34:00,2022-04-26 14:50:00,46
202953025,29203704821,2022-04-18 10:39:00,2022-04-19 07:06:00,20
202953622,29204852578,2022-05-27 22:09:00,2022-05-28 12:05:00,13
202954437,29203830742,2022-04-22 16:05:00,2022-04-23 13:05:00,21
202954826,29204078956,2022-05-14 15:57:00,2022-05-16 17:33:00,49
202956074,29203959965,2022-04-25 16:31:00,2022-05-02 17:04:00,168
202956226,29203981045,2022-04-25 17:14:00,2022-04-26 12:47:00,19
202957089,29204049701,2022-04-29 13:08:00,2022-05-02 10:43:00,69
202957182,29204055947,2022-06-28 18:57:00,2022-06-30 12:09:00,41
202958110,29204143627,2022-05-01 16:32:00,2022-05-04 19:03:00,74
202958116,29204143896,2022-05-03 15:25:00,2022-05-06 12:54:00,69
202958176,29204149877,2022-05-03 14:48:00,2022-05-04 12:16:00,21
202959370,29204253829,2022-05-06 19:26:00,2022-05-07 14:51:00,19
202959507,29204260897,2022-05-07 20:05:00,2022-05-17 17:23:00,237
202959710,29204288712,NA,NA,NA
202960805,29204449898,2022-05-08 04:03:00,2022-05-08 20:10:00,16
202961996,29204568276,2022-05-14 09:41:00,2022-05-15 17:16:00,31
202962506,29204600933,2022-05-13 02:56:00,2022-05-14 08:28:00,29
202965338,29210422710,2022-08-04 11:25:00,2022-08-09 13:42:00,122
202965609,29205511510,2022-06-01 14:06:00,2022-06-02 20:59:00,30
202965746,29205327399,2022-05-26 23:09:00,2022-05-27 15:40:00,16
202966422,29204953637,NA,NA,NA
202966857,29204999736,2022-05-22 20:11:00,2022-05-23 19:01:00,22
203144000,29213504258,2022-08-26 16:16:00,2022-08-28 12:44:00,44
203188800,29205325058,2022-05-26 14:10:00,2022-05-27 14:43:00,24
203188877,29205329264,2022-05-27 01:33:00,2022-05-27 19:44:00,18
203190051,29205451722,2022-06-27 17:34:00,2022-08-05 10:24:00,928
203190115,29206042715,2022-06-15 10:10:00,2022-06-15 12:41:00,2
203191318,29205567137,2022-06-07 18:23:00,2022-06-12 09:07:00,110
203191366,29205569109,NA,NA,NA
203191396,29205573676,2022-06-04 12:41:00,2022-06-04 16:39:00,3
203191497,29206031927,2022-06-19 16:52:00,2022-06-20 20:08:00,27
203193102,29205717650,2022-06-06 17:08:00,2022-06-08 12:09:00,43
203193845,29205783956,2022-06-14 17:58:00,2022-06-23 05:55:00,203
203195290,29205904100,2022-06-12 00:45:00,2022-06-13 13:24:00,36
203196204,29206650916,2022-07-19 11:49:00,2022-07-29 11:28:00,239
203197351,29206147186,2022-06-18 21:37:00,2022-06-19 11:20:00,13
203197946,29206670774,2022-07-06 17:39:00,2022-07-07 13:10:00,19
203198070,29206151782,NA,NA,NA
203198527,29206499672,2022-06-29 16:20:00,2022-06-30 08:28:00,16
203198647,29206208755,2022-06-20 09:24:00,2022-06-21 18:32:00,33
203199265,29206255330,2022-06-26 19:08:00,2022-06-27 16:43:00,21
203200466,29206358619,2022-06-26 15:57:00,2022-06-28 08:44:00,40
203200793,29206825819,2022-07-13 17:55:00,2022-07-16 15:05:00,69
203200875,29206400224,2022-06-25 20:52:00,2022-06-26 20:58:00,24
203202666,29206560531,2022-07-01 14:07:00,2022-07-11 18:11:00,244
203203639,29206651647,NA,NA,NA
203204080,29206691415,2022-07-10 18:24:00,2022-07-14 11:25:00,89
203204872,29206767306,2022-07-04 19:36:00,2022-07-05 11:05:00,15
203206337,29206998228,2022-07-13 05:51:00,2022-07-16 12:18:00,78
203206351,29206883725,2022-07-09 04:57:00,2022-07-10 17:07:00,36
203208329,29207052888,NA,NA,NA
203208495,29207066292,2022-07-14 13:03:00,2022-07-17 11:42:00,70
203208758,29207079905,2022-07-18 15:31:00,2022-07-19 15:14:00,23
203209879,29207183407,NA,NA,NA
203210142,29207212864,NA,NA,NA
203210408,29207234174,2022-07-18 20:42:00,2022-07-19 13:47:00,17
203210964,29207275202,2022-07-23 20:49:00,2022-07-24 16:15:00,19
203211641,29207330330,2022-07-20 22:21:00,2022-07-22 17:29:00,43
203211925,29207352209,2022-08-03 19:36:00,2022-08-13 15:39:00,236
203212722,29207514119,2022-07-25 17:34:00,2022-07-25 17:41:00,0
203214406,29207579509,2022-07-29 22:46:00,2022-08-02 14:05:00,87
203215179,29207645977,NA,NA,NA
203216178,29207756005,2022-08-02 16:58:00,2022-08-04 04:27:00,35
203216526,29207896235,2022-08-05 16:41:00,2022-08-07 18:48:00,50
203217423,29210428592,2022-08-06 17:40:00,2022-08-10 12:54:00,91
203217449,29210431020,2022-08-05 13:05:00,2022-08-06 15:25:00,26
203218201,29210673475,2022-08-19 15:55:00,2022-08-21 03:07:00,35
203219574,29212005443,NA,NA,NA
203220388,29213805282,2022-08-29 18:41:00,2022-10-03 07:00:00,828
203220612,29212081506,2022-08-17 11:27:00,2022-08-17 16:49:00,5
203221201,29212179036,2022-08-15 15:31:00,2022-08-15 15:33:00,0
203225800,29213526639,2022-08-29 07:43:00,2022-10-03 07:00:00,839
203226114,29213544939,2022-08-28 20:38:00,2022-08-29 10:23:00,13
203226201,29213550718,2022-08-25 21:52:00,2022-08-27 12:42:00,38
203226240,29213552992,2022-08-26 05:59:00,2022-08-27 08:32:00,26
203226941,29213814414,NA,NA,NA
203227786,29213892603,NA,NA,NA
203227827,29213895096,2022-08-29 08:01:00,2022-08-29 20:25:00,12
203228812,29213977480,2022-08-30 18:17:00,2022-10-03 07:00:00,804
990164086,29207074749,2022-07-16 09:53:00,2022-07-17 10:36:00,24
